<?xml version="1.0" encoding="utf-8"?>
<System>
  <P Name="Location">[30, 30, 1010, 750]</P>
  <P Name="SystemRect">[0.000000, 0.000000, 0.000000, 0.000000]</P>
  <P Name="SetExecutionDomain">off</P>
  <P Name="ExecutionDomainType">Deduce</P>
  <P Name="SimulinkSubDomain">Simulink</P>
  <Block BlockType="Reference" Name="ReferenceFrame" SID="172">
    <P Name="Ports">[0, 0, 0, 0, 0, 0, 1]</P>
    <P Name="Position">[30, 110, 70, 150]</P>
    <P Name="ZOrder">2</P>
    <P Name="LibraryVersion">7.51</P>
    <P Name="SourceBlock">sm_lib/Frames and
Transforms/Reference
Frame</P>
    <P Name="SourceType">Reference
Frame</P>
    <P Name="SourceProductBaseCode">MS</P>
    <InstanceData>
      <P Name="LogSimulationData">off</P>
    </InstanceData>
  </Block>
  <Block BlockType="Reference" Name="Visual" SID="173">
    <P Name="Ports">[0, 0, 0, 0, 0, 0, 1]</P>
    <P Name="Position">[210, 130, 250, 170]</P>
    <P Name="ZOrder">4</P>
    <P Name="LibraryVersion">7.51</P>
    <P Name="SourceBlock">sm_lib/Body Elements/Brick Solid</P>
    <P Name="SourceType">Brick Solid</P>
    <P Name="SourceProductBaseCode">MS</P>
    <InstanceData>
      <P Name="LogSimulationData">off</P>
      <P Name="GraphicAmbientColor">[0.15 0.15 0.15 1.0]</P>
      <P Name="GraphicAmbientColor_conf">compiletime</P>
      <P Name="BasedOnType">Density</P>
      <P Name="BrickDimensions">[0.05, 0.05, 0.05]</P>
      <P Name="BrickDimensionUnits">m</P>
      <P Name="BrickDimensions_conf">compiletime</P>
      <P Name="CenterOfMass">[0, 0, 0]</P>
      <P Name="CenterOfMassUnits">m</P>
      <P Name="CenterOfMass_conf">compiletime</P>
      <P Name="GraphicDiffuseColor">[0.5, 0.5, 0.5]</P>
      <P Name="GraphicDiffuseColor_conf">compiletime</P>
      <P Name="Density">1000</P>
      <P Name="DensityUnits">kg/m^3</P>
      <P Name="Density_conf">compiletime</P>
      <P Name="DoExposeReferenceFrame">on</P>
      <P Name="GraphicEmissiveColor">[0.0 0.0 0.0 1.0]</P>
      <P Name="GraphicEmissiveColor_conf">compiletime</P>
      <P Name="ExportEntireGeometry">off</P>
      <P Name="SerializedFrames">&lt;Frames/&gt;</P>
      <P Name="MarkerShape">Sphere</P>
      <P Name="MarkerSize">10</P>
      <P Name="MarkerSize_conf">compiletime</P>
      <P Name="GraphicType">FromGeometry</P>
      <P Name="InertiaType">Custom</P>
      <P Name="Mass">0</P>
      <P Name="MassUnits">kg</P>
      <P Name="Mass_conf">compiletime</P>
      <P Name="MomentsOfInertia">[0, 0, 0]</P>
      <P Name="MomentsOfInertiaUnits">kg*m^2</P>
      <P Name="MomentsOfInertia_conf">compiletime</P>
      <P Name="GraphicOpacity">1</P>
      <P Name="GraphicOpacity_conf">compiletime</P>
      <P Name="ProductsOfInertia">[0, 0, 0]</P>
      <P Name="ProductsOfInertiaUnits">kg*m^2</P>
      <P Name="ProductsOfInertia_conf">compiletime</P>
      <P Name="GraphicShininess">75</P>
      <P Name="GraphicShininess_conf">compiletime</P>
      <P Name="GraphicSpecularColor">[0.5 0.5 0.5 1.0]</P>
      <P Name="GraphicSpecularColor_conf">compiletime</P>
      <P Name="GraphicVisPropType">SimpleVisualProperties</P>
    </InstanceData>
  </Block>
  <Block BlockType="Reference" Name="VisualOriginTransform" SID="174">
    <P Name="Ports">[0, 0, 0, 0, 0, 1, 1]</P>
    <P Name="Position">[210, 230, 250, 270]</P>
    <P Name="ZOrder">5</P>
    <P Name="LibraryVersion">7.51</P>
    <P Name="SourceBlock">sm_lib/Frames and
Transforms/Rigid
Transform</P>
    <P Name="SourceType">Rigid
Transform</P>
    <P Name="SourceProductBaseCode">MS</P>
    <InstanceData>
      <P Name="LogSimulationData">off</P>
      <P Name="TranslationMethod">Cartesian</P>
      <P Name="TranslationStandardOffset">0</P>
      <P Name="TranslationLengthUnit">m</P>
      <P Name="TranslationStandardOffset_conf">compiletime</P>
      <P Name="TranslationStandardAxis">+Z</P>
      <P Name="TranslationCartesianOffset">[0, 0, 0]</P>
      <P Name="TranslationCartesianOffset_conf">compiletime</P>
      <P Name="TranslationROffset">0</P>
      <P Name="TranslationROffsetUnits">m</P>
      <P Name="TranslationROffset_conf">compiletime</P>
      <P Name="TranslationZOffset">0</P>
      <P Name="TranslationZOffsetUnits">m</P>
      <P Name="TranslationZOffset_conf">compiletime</P>
      <P Name="TranslationThetaOffset">0</P>
      <P Name="TranslationThetaOffsetUnits">deg</P>
      <P Name="TranslationThetaOffset_conf">compiletime</P>
      <P Name="RotationMethod">RotationSequence</P>
      <P Name="RotationAngleUnits">deg</P>
      <P Name="RotationStandardAxis">+Z</P>
      <P Name="RotationAngle">0.0</P>
      <P Name="RotationAngle_conf">compiletime</P>
      <P Name="RotationArbitraryAxis">[0 0 1]</P>
      <P Name="RotationArbitraryAxis_conf">compiletime</P>
      <P Name="FollAlignAxisA">+X</P>
      <P Name="BaseAlignAxisA">+Y</P>
      <P Name="FollAlignAxisB">+Y</P>
      <P Name="BaseAlignAxisB">+Z</P>
      <P Name="RotationSequenceAxes">BaseAxes</P>
      <P Name="RotationSequence">XYZ</P>
      <P Name="RotationSequenceAngles">[0, 0, 0]</P>
      <P Name="RotationSequenceAnglesUnits">rad</P>
      <P Name="RotationSequenceAngles_conf">compiletime</P>
      <P Name="RotationMatrix">[1 0 0; 0 1 0; 0 0 1]</P>
      <P Name="RotationMatrix_conf">compiletime</P>
    </InstanceData>
  </Block>
  <Block BlockType="Reference" Name="j2s6s300_joint_base_OriginTransform" SID="175">
    <P Name="Ports">[0, 0, 0, 0, 0, 1, 1]</P>
    <P Name="Position">[210, 30, 250, 70]</P>
    <P Name="ZOrder">6</P>
    <P Name="LibraryVersion">7.51</P>
    <P Name="SourceBlock">sm_lib/Frames and
Transforms/Rigid
Transform</P>
    <P Name="SourceType">Rigid
Transform</P>
    <P Name="SourceProductBaseCode">MS</P>
    <InstanceData>
      <P Name="LogSimulationData">off</P>
      <P Name="TranslationMethod">Cartesian</P>
      <P Name="TranslationStandardOffset">0</P>
      <P Name="TranslationLengthUnit">m</P>
      <P Name="TranslationStandardOffset_conf">compiletime</P>
      <P Name="TranslationStandardAxis">+Z</P>
      <P Name="TranslationCartesianOffset">[0, 0, 0]</P>
      <P Name="TranslationCartesianOffset_conf">compiletime</P>
      <P Name="TranslationROffset">0</P>
      <P Name="TranslationROffsetUnits">m</P>
      <P Name="TranslationROffset_conf">compiletime</P>
      <P Name="TranslationZOffset">0</P>
      <P Name="TranslationZOffsetUnits">m</P>
      <P Name="TranslationZOffset_conf">compiletime</P>
      <P Name="TranslationThetaOffset">0</P>
      <P Name="TranslationThetaOffsetUnits">deg</P>
      <P Name="TranslationThetaOffset_conf">compiletime</P>
      <P Name="RotationMethod">RotationSequence</P>
      <P Name="RotationAngleUnits">deg</P>
      <P Name="RotationStandardAxis">+Z</P>
      <P Name="RotationAngle">0.0</P>
      <P Name="RotationAngle_conf">compiletime</P>
      <P Name="RotationArbitraryAxis">[0 0 1]</P>
      <P Name="RotationArbitraryAxis_conf">compiletime</P>
      <P Name="FollAlignAxisA">+X</P>
      <P Name="BaseAlignAxisA">+Y</P>
      <P Name="FollAlignAxisB">+Y</P>
      <P Name="BaseAlignAxisB">+Z</P>
      <P Name="RotationSequenceAxes">BaseAxes</P>
      <P Name="RotationSequence">XYZ</P>
      <P Name="RotationSequenceAngles">[0, 0, 0]</P>
      <P Name="RotationSequenceAnglesUnits">rad</P>
      <P Name="RotationSequenceAngles_conf">compiletime</P>
      <P Name="RotationMatrix">[1 0 0; 0 1 0; 0 0 1]</P>
      <P Name="RotationMatrix_conf">compiletime</P>
    </InstanceData>
  </Block>
  <Block BlockType="PMIOPort" Name="F" SID="176">
    <P Name="Position">[130, 100, 150, 120]</P>
    <P Name="ZOrder">7</P>
    <P Name="BlockMirror">on</P>
    <P Name="Side">Left</P>
  </Block>
  <Block BlockType="PMIOPort" Name="F1" SID="177">
    <P Name="Position">[310, 40, 330, 60]</P>
    <P Name="ZOrder">8</P>
    <P Name="BlockMirror">on</P>
    <P Name="Port">2</P>
    <P Name="Side">Right</P>
  </Block>
  <Line LineType="Connection">
    <P Name="ZOrder">1</P>
    <P Name="Points">[85, 130; 55, 0; 0, 120; 55, 0]</P>
    <P Name="Dst">174#lconn:1</P>
    <Branch ConnectType="SRC_DEST">
      <P Name="Src">172#rconn:1</P>
      <P Name="Points">[0, 0]</P>
    </Branch>
    <Branch ConnectType="SRC_SRC">
      <P Name="Points">[105, 0; 0, -80]</P>
      <P Name="Dst">175#lconn:1</P>
    </Branch>
    <Branch ConnectType="SRC_SRC">
      <P Name="Points">[15, 0; 0, -20]</P>
      <P Name="Dst">176#rconn:1</P>
    </Branch>
  </Line>
  <Line LineType="Connection">
    <P Name="ZOrder">5</P>
    <P Name="Src">173#rconn:1</P>
    <P Name="Points">[10, 0; 0, 100]</P>
    <P Name="Dst">174#rconn:1</P>
  </Line>
  <Line LineType="Connection">
    <P Name="ZOrder">6</P>
    <P Name="Src">175#rconn:1</P>
    <P Name="Dst">177#rconn:1</P>
  </Line>
</System>
