<?xml version="1.0" encoding="utf-8"?>
<GraphicalInterface>
  <P Name="NumRootInports">0</P>
  <P Name="NumRootOutports">0</P>
  <P Name="ParameterArgumentNames"/>
  <P Name="NumModelReferences">0</P>
  <P Name="NumTestPointedSignals">0</P>
  <P Name="NumProvidedFunctions">0</P>
  <P Name="NumRequiredFunctions">0</P>
  <P Name="NumResetEvents">0</P>
  <P Name="HasInitializeEvent">0</P>
  <P Name="HasTerminateEvent">0</P>
  <P Name="PreCompExecutionDomainType">Unset</P>
  <P Name="UseModelRefSolver">0</P>
  <P Name="SolverName">VariableStepAuto</P>
  <P Name="IsExportFunctionModel">0</P>
  <P Name="SimulinkSubDomainType">Simulink</P>
  <P Name="NumParameterArguments">0</P>
  <P Name="NumExternalFileReferences">135</P>
  <ExternalFileReference>
    <P Name="Reference">sm_lib/Utilities/Mechanism
Configuration</P>
    <P Name="Path">$bdroot/MechanismConfiguration</P>
    <P Name="SID">1</P>
    <P Name="Type">LIBRARY_BLOCK</P>
  </ExternalFileReference>
  <ExternalFileReference>
    <P Name="Reference">nesl_utility/Solver
Configuration</P>
    <P Name="Path">$bdroot/Solver Configuration</P>
    <P Name="SID">182</P>
    <P Name="Type">LIBRARY_BLOCK</P>
  </ExternalFileReference>
  <ExternalFileReference>
    <P Name="Reference">sm_lib/Frames and
Transforms/World Frame</P>
    <P Name="Path">$bdroot/World</P>
    <P Name="SID">2</P>
    <P Name="Type">LIBRARY_BLOCK</P>
  </ExternalFileReference>
  <ExternalFileReference>
    <P Name="Reference">sm_lib/Joints/Weld Joint</P>
    <P Name="Path">$bdroot/connect_root_and_world</P>
    <P Name="SID">3</P>
    <P Name="Type">LIBRARY_BLOCK</P>
  </ExternalFileReference>
  <ExternalFileReference>
    <P Name="Reference">sm_lib/Frames and
Transforms/Reference
Frame</P>
    <P Name="Path">$bdroot/j2s6s300_end_effector/ReferenceFrame</P>
    <P Name="SID">34</P>
    <P Name="Type">LIBRARY_BLOCK</P>
  </ExternalFileReference>
  <ExternalFileReference>
    <P Name="Reference">sm_lib/Body Elements/Brick Solid</P>
    <P Name="Path">$bdroot/j2s6s300_end_effector/Visual</P>
    <P Name="SID">35</P>
    <P Name="Type">LIBRARY_BLOCK</P>
  </ExternalFileReference>
  <ExternalFileReference>
    <P Name="Reference">sm_lib/Frames and
Transforms/Rigid
Transform</P>
    <P Name="Path">$bdroot/j2s6s300_end_effector/VisualOriginTransform</P>
    <P Name="SID">36</P>
    <P Name="Type">LIBRARY_BLOCK</P>
  </ExternalFileReference>
  <ExternalFileReference>
    <P Name="Reference">sm_lib/Joints/Revolute Joint</P>
    <P Name="Path">$bdroot/j2s6s300_joint_1</P>
    <P Name="SID">5</P>
    <P Name="Type">LIBRARY_BLOCK</P>
  </ExternalFileReference>
  <ExternalFileReference>
    <P Name="Reference">sm_lib/Joints/Revolute Joint</P>
    <P Name="Path">$bdroot/j2s6s300_joint_2</P>
    <P Name="SID">6</P>
    <P Name="Type">LIBRARY_BLOCK</P>
  </ExternalFileReference>
  <ExternalFileReference>
    <P Name="Reference">sm_lib/Joints/Revolute Joint</P>
    <P Name="Path">$bdroot/j2s6s300_joint_3</P>
    <P Name="SID">7</P>
    <P Name="Type">LIBRARY_BLOCK</P>
  </ExternalFileReference>
  <ExternalFileReference>
    <P Name="Reference">sm_lib/Joints/Revolute Joint</P>
    <P Name="Path">$bdroot/j2s6s300_joint_4</P>
    <P Name="SID">8</P>
    <P Name="Type">LIBRARY_BLOCK</P>
  </ExternalFileReference>
  <ExternalFileReference>
    <P Name="Reference">sm_lib/Joints/Revolute Joint</P>
    <P Name="Path">$bdroot/j2s6s300_joint_5</P>
    <P Name="SID">9</P>
    <P Name="Type">LIBRARY_BLOCK</P>
  </ExternalFileReference>
  <ExternalFileReference>
    <P Name="Reference">sm_lib/Joints/Revolute Joint</P>
    <P Name="Path">$bdroot/j2s6s300_joint_6</P>
    <P Name="SID">10</P>
    <P Name="Type">LIBRARY_BLOCK</P>
  </ExternalFileReference>
  <ExternalFileReference>
    <P Name="Reference">sm_lib/Joints/Weld Joint</P>
    <P Name="Path">$bdroot/j2s6s300_joint_base</P>
    <P Name="SID">11</P>
    <P Name="Type">LIBRARY_BLOCK</P>
  </ExternalFileReference>
  <ExternalFileReference>
    <P Name="Reference">sm_lib/Joints/Weld Joint</P>
    <P Name="Path">$bdroot/j2s6s300_joint_end_effector</P>
    <P Name="SID">12</P>
    <P Name="Type">LIBRARY_BLOCK</P>
  </ExternalFileReference>
  <ExternalFileReference>
    <P Name="Reference">sm_lib/Joints/Revolute Joint</P>
    <P Name="Path">$bdroot/j2s6s300_joint_finger_1</P>
    <P Name="SID">13</P>
    <P Name="Type">LIBRARY_BLOCK</P>
  </ExternalFileReference>
  <ExternalFileReference>
    <P Name="Reference">sm_lib/Joints/Revolute Joint</P>
    <P Name="Path">$bdroot/j2s6s300_joint_finger_2</P>
    <P Name="SID">14</P>
    <P Name="Type">LIBRARY_BLOCK</P>
  </ExternalFileReference>
  <ExternalFileReference>
    <P Name="Reference">sm_lib/Joints/Revolute Joint</P>
    <P Name="Path">$bdroot/j2s6s300_joint_finger_3</P>
    <P Name="SID">15</P>
    <P Name="Type">LIBRARY_BLOCK</P>
  </ExternalFileReference>
  <ExternalFileReference>
    <P Name="Reference">sm_lib/Joints/Weld Joint</P>
    <P Name="Path">$bdroot/j2s6s300_joint_finger_tip_1</P>
    <P Name="SID">16</P>
    <P Name="Type">LIBRARY_BLOCK</P>
  </ExternalFileReference>
  <ExternalFileReference>
    <P Name="Reference">sm_lib/Joints/Weld Joint</P>
    <P Name="Path">$bdroot/j2s6s300_joint_finger_tip_2</P>
    <P Name="SID">17</P>
    <P Name="Type">LIBRARY_BLOCK</P>
  </ExternalFileReference>
  <ExternalFileReference>
    <P Name="Reference">sm_lib/Joints/Weld Joint</P>
    <P Name="Path">$bdroot/j2s6s300_joint_finger_tip_3</P>
    <P Name="SID">18</P>
    <P Name="Type">LIBRARY_BLOCK</P>
  </ExternalFileReference>
  <ExternalFileReference>
    <P Name="Reference">sm_lib/Body Elements/Inertia</P>
    <P Name="Path">$bdroot/j2s6s300_link_1/Inertia</P>
    <P Name="SID">38</P>
    <P Name="Type">LIBRARY_BLOCK</P>
  </ExternalFileReference>
  <ExternalFileReference>
    <P Name="Reference">sm_lib/Frames and
Transforms/Rigid
Transform</P>
    <P Name="Path">$bdroot/j2s6s300_link_1/InertiaOriginTransform</P>
    <P Name="SID">39</P>
    <P Name="Type">LIBRARY_BLOCK</P>
  </ExternalFileReference>
  <ExternalFileReference>
    <P Name="Reference">sm_lib/Frames and
Transforms/Reference
Frame</P>
    <P Name="Path">$bdroot/j2s6s300_link_1/ReferenceFrame</P>
    <P Name="SID">40</P>
    <P Name="Type">LIBRARY_BLOCK</P>
  </ExternalFileReference>
  <ExternalFileReference>
    <P Name="Reference">sm_lib/Body Elements/File Solid</P>
    <P Name="Path">$bdroot/j2s6s300_link_1/Visual</P>
    <P Name="SID">41</P>
    <P Name="Type">LIBRARY_BLOCK</P>
  </ExternalFileReference>
  <ExternalFileReference>
    <P Name="Reference">sm_lib/Body Elements/File Solid</P>
    <P Name="Path">$bdroot/j2s6s300_link_1/Visual1</P>
    <P Name="SID">42</P>
    <P Name="Type">LIBRARY_BLOCK</P>
  </ExternalFileReference>
  <ExternalFileReference>
    <P Name="Reference">sm_lib/Frames and
Transforms/Rigid
Transform</P>
    <P Name="Path">$bdroot/j2s6s300_link_1/VisualOrigin1Transform</P>
    <P Name="SID">43</P>
    <P Name="Type">LIBRARY_BLOCK</P>
  </ExternalFileReference>
  <ExternalFileReference>
    <P Name="Reference">sm_lib/Frames and
Transforms/Rigid
Transform</P>
    <P Name="Path">$bdroot/j2s6s300_link_1/VisualOriginTransform</P>
    <P Name="SID">44</P>
    <P Name="Type">LIBRARY_BLOCK</P>
  </ExternalFileReference>
  <ExternalFileReference>
    <P Name="Reference">sm_lib/Frames and
Transforms/Rigid
Transform</P>
    <P Name="Path">$bdroot/j2s6s300_link_1/j2s6s300_joint_1_AxisInvTransform</P>
    <P Name="SID">45</P>
    <P Name="Type">LIBRARY_BLOCK</P>
  </ExternalFileReference>
  <ExternalFileReference>
    <P Name="Reference">sm_lib/Frames and
Transforms/Rigid
Transform</P>
    <P Name="Path">$bdroot/j2s6s300_link_1/j2s6s300_joint_2_AxisTransform</P>
    <P Name="SID">46</P>
    <P Name="Type">LIBRARY_BLOCK</P>
  </ExternalFileReference>
  <ExternalFileReference>
    <P Name="Reference">sm_lib/Frames and
Transforms/Rigid
Transform</P>
    <P Name="Path">$bdroot/j2s6s300_link_1/j2s6s300_joint_2_OriginTransform</P>
    <P Name="SID">47</P>
    <P Name="Type">LIBRARY_BLOCK</P>
  </ExternalFileReference>
  <ExternalFileReference>
    <P Name="Reference">sm_lib/Body Elements/Inertia</P>
    <P Name="Path">$bdroot/j2s6s300_link_2/Inertia</P>
    <P Name="SID">50</P>
    <P Name="Type">LIBRARY_BLOCK</P>
  </ExternalFileReference>
  <ExternalFileReference>
    <P Name="Reference">sm_lib/Frames and
Transforms/Rigid
Transform</P>
    <P Name="Path">$bdroot/j2s6s300_link_2/InertiaOriginTransform</P>
    <P Name="SID">51</P>
    <P Name="Type">LIBRARY_BLOCK</P>
  </ExternalFileReference>
  <ExternalFileReference>
    <P Name="Reference">sm_lib/Frames and
Transforms/Reference
Frame</P>
    <P Name="Path">$bdroot/j2s6s300_link_2/ReferenceFrame</P>
    <P Name="SID">52</P>
    <P Name="Type">LIBRARY_BLOCK</P>
  </ExternalFileReference>
  <ExternalFileReference>
    <P Name="Reference">sm_lib/Body Elements/File Solid</P>
    <P Name="Path">$bdroot/j2s6s300_link_2/Visual</P>
    <P Name="SID">53</P>
    <P Name="Type">LIBRARY_BLOCK</P>
  </ExternalFileReference>
  <ExternalFileReference>
    <P Name="Reference">sm_lib/Body Elements/File Solid</P>
    <P Name="Path">$bdroot/j2s6s300_link_2/Visual1</P>
    <P Name="SID">54</P>
    <P Name="Type">LIBRARY_BLOCK</P>
  </ExternalFileReference>
  <ExternalFileReference>
    <P Name="Reference">sm_lib/Frames and
Transforms/Rigid
Transform</P>
    <P Name="Path">$bdroot/j2s6s300_link_2/VisualOrigin1Transform</P>
    <P Name="SID">55</P>
    <P Name="Type">LIBRARY_BLOCK</P>
  </ExternalFileReference>
  <ExternalFileReference>
    <P Name="Reference">sm_lib/Frames and
Transforms/Rigid
Transform</P>
    <P Name="Path">$bdroot/j2s6s300_link_2/VisualOriginTransform</P>
    <P Name="SID">56</P>
    <P Name="Type">LIBRARY_BLOCK</P>
  </ExternalFileReference>
  <ExternalFileReference>
    <P Name="Reference">sm_lib/Frames and
Transforms/Rigid
Transform</P>
    <P Name="Path">$bdroot/j2s6s300_link_2/j2s6s300_joint_2_AxisInvTransform</P>
    <P Name="SID">57</P>
    <P Name="Type">LIBRARY_BLOCK</P>
  </ExternalFileReference>
  <ExternalFileReference>
    <P Name="Reference">sm_lib/Frames and
Transforms/Rigid
Transform</P>
    <P Name="Path">$bdroot/j2s6s300_link_2/j2s6s300_joint_3_AxisTransform</P>
    <P Name="SID">58</P>
    <P Name="Type">LIBRARY_BLOCK</P>
  </ExternalFileReference>
  <ExternalFileReference>
    <P Name="Reference">sm_lib/Frames and
Transforms/Rigid
Transform</P>
    <P Name="Path">$bdroot/j2s6s300_link_2/j2s6s300_joint_3_OriginTransform</P>
    <P Name="SID">59</P>
    <P Name="Type">LIBRARY_BLOCK</P>
  </ExternalFileReference>
  <ExternalFileReference>
    <P Name="Reference">sm_lib/Body Elements/Inertia</P>
    <P Name="Path">$bdroot/j2s6s300_link_3/Inertia</P>
    <P Name="SID">62</P>
    <P Name="Type">LIBRARY_BLOCK</P>
  </ExternalFileReference>
  <ExternalFileReference>
    <P Name="Reference">sm_lib/Frames and
Transforms/Rigid
Transform</P>
    <P Name="Path">$bdroot/j2s6s300_link_3/InertiaOriginTransform</P>
    <P Name="SID">63</P>
    <P Name="Type">LIBRARY_BLOCK</P>
  </ExternalFileReference>
  <ExternalFileReference>
    <P Name="Reference">sm_lib/Frames and
Transforms/Reference
Frame</P>
    <P Name="Path">$bdroot/j2s6s300_link_3/ReferenceFrame</P>
    <P Name="SID">64</P>
    <P Name="Type">LIBRARY_BLOCK</P>
  </ExternalFileReference>
  <ExternalFileReference>
    <P Name="Reference">sm_lib/Body Elements/File Solid</P>
    <P Name="Path">$bdroot/j2s6s300_link_3/Visual</P>
    <P Name="SID">65</P>
    <P Name="Type">LIBRARY_BLOCK</P>
  </ExternalFileReference>
  <ExternalFileReference>
    <P Name="Reference">sm_lib/Body Elements/File Solid</P>
    <P Name="Path">$bdroot/j2s6s300_link_3/Visual1</P>
    <P Name="SID">66</P>
    <P Name="Type">LIBRARY_BLOCK</P>
  </ExternalFileReference>
  <ExternalFileReference>
    <P Name="Reference">sm_lib/Frames and
Transforms/Rigid
Transform</P>
    <P Name="Path">$bdroot/j2s6s300_link_3/VisualOrigin1Transform</P>
    <P Name="SID">67</P>
    <P Name="Type">LIBRARY_BLOCK</P>
  </ExternalFileReference>
  <ExternalFileReference>
    <P Name="Reference">sm_lib/Frames and
Transforms/Rigid
Transform</P>
    <P Name="Path">$bdroot/j2s6s300_link_3/VisualOriginTransform</P>
    <P Name="SID">68</P>
    <P Name="Type">LIBRARY_BLOCK</P>
  </ExternalFileReference>
  <ExternalFileReference>
    <P Name="Reference">sm_lib/Frames and
Transforms/Rigid
Transform</P>
    <P Name="Path">$bdroot/j2s6s300_link_3/j2s6s300_joint_3_AxisInvTransform</P>
    <P Name="SID">69</P>
    <P Name="Type">LIBRARY_BLOCK</P>
  </ExternalFileReference>
  <ExternalFileReference>
    <P Name="Reference">sm_lib/Frames and
Transforms/Rigid
Transform</P>
    <P Name="Path">$bdroot/j2s6s300_link_3/j2s6s300_joint_4_AxisTransform</P>
    <P Name="SID">70</P>
    <P Name="Type">LIBRARY_BLOCK</P>
  </ExternalFileReference>
  <ExternalFileReference>
    <P Name="Reference">sm_lib/Frames and
Transforms/Rigid
Transform</P>
    <P Name="Path">$bdroot/j2s6s300_link_3/j2s6s300_joint_4_OriginTransform</P>
    <P Name="SID">71</P>
    <P Name="Type">LIBRARY_BLOCK</P>
  </ExternalFileReference>
  <ExternalFileReference>
    <P Name="Reference">sm_lib/Body Elements/Inertia</P>
    <P Name="Path">$bdroot/j2s6s300_link_4/Inertia</P>
    <P Name="SID">74</P>
    <P Name="Type">LIBRARY_BLOCK</P>
  </ExternalFileReference>
  <ExternalFileReference>
    <P Name="Reference">sm_lib/Frames and
Transforms/Rigid
Transform</P>
    <P Name="Path">$bdroot/j2s6s300_link_4/InertiaOriginTransform</P>
    <P Name="SID">75</P>
    <P Name="Type">LIBRARY_BLOCK</P>
  </ExternalFileReference>
  <ExternalFileReference>
    <P Name="Reference">sm_lib/Frames and
Transforms/Reference
Frame</P>
    <P Name="Path">$bdroot/j2s6s300_link_4/ReferenceFrame</P>
    <P Name="SID">76</P>
    <P Name="Type">LIBRARY_BLOCK</P>
  </ExternalFileReference>
  <ExternalFileReference>
    <P Name="Reference">sm_lib/Body Elements/File Solid</P>
    <P Name="Path">$bdroot/j2s6s300_link_4/Visual</P>
    <P Name="SID">77</P>
    <P Name="Type">LIBRARY_BLOCK</P>
  </ExternalFileReference>
  <ExternalFileReference>
    <P Name="Reference">sm_lib/Body Elements/File Solid</P>
    <P Name="Path">$bdroot/j2s6s300_link_4/Visual1</P>
    <P Name="SID">78</P>
    <P Name="Type">LIBRARY_BLOCK</P>
  </ExternalFileReference>
  <ExternalFileReference>
    <P Name="Reference">sm_lib/Frames and
Transforms/Rigid
Transform</P>
    <P Name="Path">$bdroot/j2s6s300_link_4/VisualOrigin1Transform</P>
    <P Name="SID">79</P>
    <P Name="Type">LIBRARY_BLOCK</P>
  </ExternalFileReference>
  <ExternalFileReference>
    <P Name="Reference">sm_lib/Frames and
Transforms/Rigid
Transform</P>
    <P Name="Path">$bdroot/j2s6s300_link_4/VisualOriginTransform</P>
    <P Name="SID">80</P>
    <P Name="Type">LIBRARY_BLOCK</P>
  </ExternalFileReference>
  <ExternalFileReference>
    <P Name="Reference">sm_lib/Frames and
Transforms/Rigid
Transform</P>
    <P Name="Path">$bdroot/j2s6s300_link_4/j2s6s300_joint_4_AxisInvTransform</P>
    <P Name="SID">81</P>
    <P Name="Type">LIBRARY_BLOCK</P>
  </ExternalFileReference>
  <ExternalFileReference>
    <P Name="Reference">sm_lib/Frames and
Transforms/Rigid
Transform</P>
    <P Name="Path">$bdroot/j2s6s300_link_4/j2s6s300_joint_5_AxisTransform</P>
    <P Name="SID">82</P>
    <P Name="Type">LIBRARY_BLOCK</P>
  </ExternalFileReference>
  <ExternalFileReference>
    <P Name="Reference">sm_lib/Frames and
Transforms/Rigid
Transform</P>
    <P Name="Path">$bdroot/j2s6s300_link_4/j2s6s300_joint_5_OriginTransform</P>
    <P Name="SID">83</P>
    <P Name="Type">LIBRARY_BLOCK</P>
  </ExternalFileReference>
  <ExternalFileReference>
    <P Name="Reference">sm_lib/Body Elements/Inertia</P>
    <P Name="Path">$bdroot/j2s6s300_link_5/Inertia</P>
    <P Name="SID">86</P>
    <P Name="Type">LIBRARY_BLOCK</P>
  </ExternalFileReference>
  <ExternalFileReference>
    <P Name="Reference">sm_lib/Frames and
Transforms/Rigid
Transform</P>
    <P Name="Path">$bdroot/j2s6s300_link_5/InertiaOriginTransform</P>
    <P Name="SID">87</P>
    <P Name="Type">LIBRARY_BLOCK</P>
  </ExternalFileReference>
  <ExternalFileReference>
    <P Name="Reference">sm_lib/Frames and
Transforms/Reference
Frame</P>
    <P Name="Path">$bdroot/j2s6s300_link_5/ReferenceFrame</P>
    <P Name="SID">88</P>
    <P Name="Type">LIBRARY_BLOCK</P>
  </ExternalFileReference>
  <ExternalFileReference>
    <P Name="Reference">sm_lib/Body Elements/File Solid</P>
    <P Name="Path">$bdroot/j2s6s300_link_5/Visual</P>
    <P Name="SID">89</P>
    <P Name="Type">LIBRARY_BLOCK</P>
  </ExternalFileReference>
  <ExternalFileReference>
    <P Name="Reference">sm_lib/Body Elements/File Solid</P>
    <P Name="Path">$bdroot/j2s6s300_link_5/Visual1</P>
    <P Name="SID">90</P>
    <P Name="Type">LIBRARY_BLOCK</P>
  </ExternalFileReference>
  <ExternalFileReference>
    <P Name="Reference">sm_lib/Frames and
Transforms/Rigid
Transform</P>
    <P Name="Path">$bdroot/j2s6s300_link_5/VisualOrigin1Transform</P>
    <P Name="SID">91</P>
    <P Name="Type">LIBRARY_BLOCK</P>
  </ExternalFileReference>
  <ExternalFileReference>
    <P Name="Reference">sm_lib/Frames and
Transforms/Rigid
Transform</P>
    <P Name="Path">$bdroot/j2s6s300_link_5/VisualOriginTransform</P>
    <P Name="SID">92</P>
    <P Name="Type">LIBRARY_BLOCK</P>
  </ExternalFileReference>
  <ExternalFileReference>
    <P Name="Reference">sm_lib/Frames and
Transforms/Rigid
Transform</P>
    <P Name="Path">$bdroot/j2s6s300_link_5/j2s6s300_joint_5_AxisInvTransform</P>
    <P Name="SID">93</P>
    <P Name="Type">LIBRARY_BLOCK</P>
  </ExternalFileReference>
  <ExternalFileReference>
    <P Name="Reference">sm_lib/Frames and
Transforms/Rigid
Transform</P>
    <P Name="Path">$bdroot/j2s6s300_link_5/j2s6s300_joint_6_AxisTransform</P>
    <P Name="SID">94</P>
    <P Name="Type">LIBRARY_BLOCK</P>
  </ExternalFileReference>
  <ExternalFileReference>
    <P Name="Reference">sm_lib/Frames and
Transforms/Rigid
Transform</P>
    <P Name="Path">$bdroot/j2s6s300_link_5/j2s6s300_joint_6_OriginTransform</P>
    <P Name="SID">95</P>
    <P Name="Type">LIBRARY_BLOCK</P>
  </ExternalFileReference>
  <ExternalFileReference>
    <P Name="Reference">sm_lib/Body Elements/Inertia</P>
    <P Name="Path">$bdroot/j2s6s300_link_6/Inertia</P>
    <P Name="SID">98</P>
    <P Name="Type">LIBRARY_BLOCK</P>
  </ExternalFileReference>
  <ExternalFileReference>
    <P Name="Reference">sm_lib/Frames and
Transforms/Rigid
Transform</P>
    <P Name="Path">$bdroot/j2s6s300_link_6/InertiaOriginTransform</P>
    <P Name="SID">99</P>
    <P Name="Type">LIBRARY_BLOCK</P>
  </ExternalFileReference>
  <ExternalFileReference>
    <P Name="Reference">sm_lib/Frames and
Transforms/Reference
Frame</P>
    <P Name="Path">$bdroot/j2s6s300_link_6/ReferenceFrame</P>
    <P Name="SID">100</P>
    <P Name="Type">LIBRARY_BLOCK</P>
  </ExternalFileReference>
  <ExternalFileReference>
    <P Name="Reference">sm_lib/Body Elements/File Solid</P>
    <P Name="Path">$bdroot/j2s6s300_link_6/Visual</P>
    <P Name="SID">101</P>
    <P Name="Type">LIBRARY_BLOCK</P>
  </ExternalFileReference>
  <ExternalFileReference>
    <P Name="Reference">sm_lib/Body Elements/File Solid</P>
    <P Name="Path">$bdroot/j2s6s300_link_6/Visual1</P>
    <P Name="SID">102</P>
    <P Name="Type">LIBRARY_BLOCK</P>
  </ExternalFileReference>
  <ExternalFileReference>
    <P Name="Reference">sm_lib/Frames and
Transforms/Rigid
Transform</P>
    <P Name="Path">$bdroot/j2s6s300_link_6/VisualOrigin1Transform</P>
    <P Name="SID">103</P>
    <P Name="Type">LIBRARY_BLOCK</P>
  </ExternalFileReference>
  <ExternalFileReference>
    <P Name="Reference">sm_lib/Frames and
Transforms/Rigid
Transform</P>
    <P Name="Path">$bdroot/j2s6s300_link_6/VisualOriginTransform</P>
    <P Name="SID">104</P>
    <P Name="Type">LIBRARY_BLOCK</P>
  </ExternalFileReference>
  <ExternalFileReference>
    <P Name="Reference">sm_lib/Frames and
Transforms/Rigid
Transform</P>
    <P Name="Path">$bdroot/j2s6s300_link_6/j2s6s300_joint_6_AxisInvTransform</P>
    <P Name="SID">105</P>
    <P Name="Type">LIBRARY_BLOCK</P>
  </ExternalFileReference>
  <ExternalFileReference>
    <P Name="Reference">sm_lib/Frames and
Transforms/Rigid
Transform</P>
    <P Name="Path">$bdroot/j2s6s300_link_6/j2s6s300_joint_end_effector_OriginTransform</P>
    <P Name="SID">106</P>
    <P Name="Type">LIBRARY_BLOCK</P>
  </ExternalFileReference>
  <ExternalFileReference>
    <P Name="Reference">sm_lib/Frames and
Transforms/Rigid
Transform</P>
    <P Name="Path">$bdroot/j2s6s300_link_6/j2s6s300_joint_finger_1_AxisTransform</P>
    <P Name="SID">107</P>
    <P Name="Type">LIBRARY_BLOCK</P>
  </ExternalFileReference>
  <ExternalFileReference>
    <P Name="Reference">sm_lib/Frames and
Transforms/Rigid
Transform</P>
    <P Name="Path">$bdroot/j2s6s300_link_6/j2s6s300_joint_finger_1_OriginTransform</P>
    <P Name="SID">108</P>
    <P Name="Type">LIBRARY_BLOCK</P>
  </ExternalFileReference>
  <ExternalFileReference>
    <P Name="Reference">sm_lib/Frames and
Transforms/Rigid
Transform</P>
    <P Name="Path">$bdroot/j2s6s300_link_6/j2s6s300_joint_finger_2_AxisTransform</P>
    <P Name="SID">109</P>
    <P Name="Type">LIBRARY_BLOCK</P>
  </ExternalFileReference>
  <ExternalFileReference>
    <P Name="Reference">sm_lib/Frames and
Transforms/Rigid
Transform</P>
    <P Name="Path">$bdroot/j2s6s300_link_6/j2s6s300_joint_finger_2_OriginTransform</P>
    <P Name="SID">110</P>
    <P Name="Type">LIBRARY_BLOCK</P>
  </ExternalFileReference>
  <ExternalFileReference>
    <P Name="Reference">sm_lib/Frames and
Transforms/Rigid
Transform</P>
    <P Name="Path">$bdroot/j2s6s300_link_6/j2s6s300_joint_finger_3_AxisTransform</P>
    <P Name="SID">111</P>
    <P Name="Type">LIBRARY_BLOCK</P>
  </ExternalFileReference>
  <ExternalFileReference>
    <P Name="Reference">sm_lib/Frames and
Transforms/Rigid
Transform</P>
    <P Name="Path">$bdroot/j2s6s300_link_6/j2s6s300_joint_finger_3_OriginTransform</P>
    <P Name="SID">112</P>
    <P Name="Type">LIBRARY_BLOCK</P>
  </ExternalFileReference>
  <ExternalFileReference>
    <P Name="Reference">sm_lib/Body Elements/Inertia</P>
    <P Name="Path">$bdroot/j2s6s300_link_base/Inertia</P>
    <P Name="SID">118</P>
    <P Name="Type">LIBRARY_BLOCK</P>
  </ExternalFileReference>
  <ExternalFileReference>
    <P Name="Reference">sm_lib/Frames and
Transforms/Rigid
Transform</P>
    <P Name="Path">$bdroot/j2s6s300_link_base/InertiaOriginTransform</P>
    <P Name="SID">119</P>
    <P Name="Type">LIBRARY_BLOCK</P>
  </ExternalFileReference>
  <ExternalFileReference>
    <P Name="Reference">sm_lib/Frames and
Transforms/Reference
Frame</P>
    <P Name="Path">$bdroot/j2s6s300_link_base/ReferenceFrame</P>
    <P Name="SID">120</P>
    <P Name="Type">LIBRARY_BLOCK</P>
  </ExternalFileReference>
  <ExternalFileReference>
    <P Name="Reference">sm_lib/Body Elements/File Solid</P>
    <P Name="Path">$bdroot/j2s6s300_link_base/Visual</P>
    <P Name="SID">121</P>
    <P Name="Type">LIBRARY_BLOCK</P>
  </ExternalFileReference>
  <ExternalFileReference>
    <P Name="Reference">sm_lib/Frames and
Transforms/Rigid
Transform</P>
    <P Name="Path">$bdroot/j2s6s300_link_base/VisualOriginTransform</P>
    <P Name="SID">122</P>
    <P Name="Type">LIBRARY_BLOCK</P>
  </ExternalFileReference>
  <ExternalFileReference>
    <P Name="Reference">sm_lib/Frames and
Transforms/Rigid
Transform</P>
    <P Name="Path">$bdroot/j2s6s300_link_base/j2s6s300_joint_1_AxisTransform</P>
    <P Name="SID">123</P>
    <P Name="Type">LIBRARY_BLOCK</P>
  </ExternalFileReference>
  <ExternalFileReference>
    <P Name="Reference">sm_lib/Frames and
Transforms/Rigid
Transform</P>
    <P Name="Path">$bdroot/j2s6s300_link_base/j2s6s300_joint_1_OriginTransform</P>
    <P Name="SID">124</P>
    <P Name="Type">LIBRARY_BLOCK</P>
  </ExternalFileReference>
  <ExternalFileReference>
    <P Name="Reference">sm_lib/Body Elements/Inertia</P>
    <P Name="Path">$bdroot/j2s6s300_link_finger_1/Inertia</P>
    <P Name="SID">127</P>
    <P Name="Type">LIBRARY_BLOCK</P>
  </ExternalFileReference>
  <ExternalFileReference>
    <P Name="Reference">sm_lib/Frames and
Transforms/Rigid
Transform</P>
    <P Name="Path">$bdroot/j2s6s300_link_finger_1/InertiaOriginTransform</P>
    <P Name="SID">128</P>
    <P Name="Type">LIBRARY_BLOCK</P>
  </ExternalFileReference>
  <ExternalFileReference>
    <P Name="Reference">sm_lib/Frames and
Transforms/Reference
Frame</P>
    <P Name="Path">$bdroot/j2s6s300_link_finger_1/ReferenceFrame</P>
    <P Name="SID">129</P>
    <P Name="Type">LIBRARY_BLOCK</P>
  </ExternalFileReference>
  <ExternalFileReference>
    <P Name="Reference">sm_lib/Body Elements/File Solid</P>
    <P Name="Path">$bdroot/j2s6s300_link_finger_1/Visual</P>
    <P Name="SID">130</P>
    <P Name="Type">LIBRARY_BLOCK</P>
  </ExternalFileReference>
  <ExternalFileReference>
    <P Name="Reference">sm_lib/Frames and
Transforms/Rigid
Transform</P>
    <P Name="Path">$bdroot/j2s6s300_link_finger_1/VisualOriginTransform</P>
    <P Name="SID">131</P>
    <P Name="Type">LIBRARY_BLOCK</P>
  </ExternalFileReference>
  <ExternalFileReference>
    <P Name="Reference">sm_lib/Frames and
Transforms/Rigid
Transform</P>
    <P Name="Path">$bdroot/j2s6s300_link_finger_1/j2s6s300_joint_finger_1_AxisInvTransform</P>
    <P Name="SID">132</P>
    <P Name="Type">LIBRARY_BLOCK</P>
  </ExternalFileReference>
  <ExternalFileReference>
    <P Name="Reference">sm_lib/Frames and
Transforms/Rigid
Transform</P>
    <P Name="Path">$bdroot/j2s6s300_link_finger_1/j2s6s300_joint_finger_tip_1_OriginTransform</P>
    <P Name="SID">133</P>
    <P Name="Type">LIBRARY_BLOCK</P>
  </ExternalFileReference>
  <ExternalFileReference>
    <P Name="Reference">sm_lib/Body Elements/Inertia</P>
    <P Name="Path">$bdroot/j2s6s300_link_finger_2/Inertia</P>
    <P Name="SID">136</P>
    <P Name="Type">LIBRARY_BLOCK</P>
  </ExternalFileReference>
  <ExternalFileReference>
    <P Name="Reference">sm_lib/Frames and
Transforms/Rigid
Transform</P>
    <P Name="Path">$bdroot/j2s6s300_link_finger_2/InertiaOriginTransform</P>
    <P Name="SID">137</P>
    <P Name="Type">LIBRARY_BLOCK</P>
  </ExternalFileReference>
  <ExternalFileReference>
    <P Name="Reference">sm_lib/Frames and
Transforms/Reference
Frame</P>
    <P Name="Path">$bdroot/j2s6s300_link_finger_2/ReferenceFrame</P>
    <P Name="SID">138</P>
    <P Name="Type">LIBRARY_BLOCK</P>
  </ExternalFileReference>
  <ExternalFileReference>
    <P Name="Reference">sm_lib/Body Elements/File Solid</P>
    <P Name="Path">$bdroot/j2s6s300_link_finger_2/Visual</P>
    <P Name="SID">139</P>
    <P Name="Type">LIBRARY_BLOCK</P>
  </ExternalFileReference>
  <ExternalFileReference>
    <P Name="Reference">sm_lib/Frames and
Transforms/Rigid
Transform</P>
    <P Name="Path">$bdroot/j2s6s300_link_finger_2/VisualOriginTransform</P>
    <P Name="SID">140</P>
    <P Name="Type">LIBRARY_BLOCK</P>
  </ExternalFileReference>
  <ExternalFileReference>
    <P Name="Reference">sm_lib/Frames and
Transforms/Rigid
Transform</P>
    <P Name="Path">$bdroot/j2s6s300_link_finger_2/j2s6s300_joint_finger_2_AxisInvTransform</P>
    <P Name="SID">141</P>
    <P Name="Type">LIBRARY_BLOCK</P>
  </ExternalFileReference>
  <ExternalFileReference>
    <P Name="Reference">sm_lib/Frames and
Transforms/Rigid
Transform</P>
    <P Name="Path">$bdroot/j2s6s300_link_finger_2/j2s6s300_joint_finger_tip_2_OriginTransform</P>
    <P Name="SID">142</P>
    <P Name="Type">LIBRARY_BLOCK</P>
  </ExternalFileReference>
  <ExternalFileReference>
    <P Name="Reference">sm_lib/Body Elements/Inertia</P>
    <P Name="Path">$bdroot/j2s6s300_link_finger_3/Inertia</P>
    <P Name="SID">145</P>
    <P Name="Type">LIBRARY_BLOCK</P>
  </ExternalFileReference>
  <ExternalFileReference>
    <P Name="Reference">sm_lib/Frames and
Transforms/Rigid
Transform</P>
    <P Name="Path">$bdroot/j2s6s300_link_finger_3/InertiaOriginTransform</P>
    <P Name="SID">146</P>
    <P Name="Type">LIBRARY_BLOCK</P>
  </ExternalFileReference>
  <ExternalFileReference>
    <P Name="Reference">sm_lib/Frames and
Transforms/Reference
Frame</P>
    <P Name="Path">$bdroot/j2s6s300_link_finger_3/ReferenceFrame</P>
    <P Name="SID">147</P>
    <P Name="Type">LIBRARY_BLOCK</P>
  </ExternalFileReference>
  <ExternalFileReference>
    <P Name="Reference">sm_lib/Body Elements/File Solid</P>
    <P Name="Path">$bdroot/j2s6s300_link_finger_3/Visual</P>
    <P Name="SID">148</P>
    <P Name="Type">LIBRARY_BLOCK</P>
  </ExternalFileReference>
  <ExternalFileReference>
    <P Name="Reference">sm_lib/Frames and
Transforms/Rigid
Transform</P>
    <P Name="Path">$bdroot/j2s6s300_link_finger_3/VisualOriginTransform</P>
    <P Name="SID">149</P>
    <P Name="Type">LIBRARY_BLOCK</P>
  </ExternalFileReference>
  <ExternalFileReference>
    <P Name="Reference">sm_lib/Frames and
Transforms/Rigid
Transform</P>
    <P Name="Path">$bdroot/j2s6s300_link_finger_3/j2s6s300_joint_finger_3_AxisInvTransform</P>
    <P Name="SID">150</P>
    <P Name="Type">LIBRARY_BLOCK</P>
  </ExternalFileReference>
  <ExternalFileReference>
    <P Name="Reference">sm_lib/Frames and
Transforms/Rigid
Transform</P>
    <P Name="Path">$bdroot/j2s6s300_link_finger_3/j2s6s300_joint_finger_tip_3_OriginTransform</P>
    <P Name="SID">151</P>
    <P Name="Type">LIBRARY_BLOCK</P>
  </ExternalFileReference>
  <ExternalFileReference>
    <P Name="Reference">sm_lib/Body Elements/Inertia</P>
    <P Name="Path">$bdroot/j2s6s300_link_finger_tip_1/Inertia</P>
    <P Name="SID">154</P>
    <P Name="Type">LIBRARY_BLOCK</P>
  </ExternalFileReference>
  <ExternalFileReference>
    <P Name="Reference">sm_lib/Frames and
Transforms/Rigid
Transform</P>
    <P Name="Path">$bdroot/j2s6s300_link_finger_tip_1/InertiaOriginTransform</P>
    <P Name="SID">155</P>
    <P Name="Type">LIBRARY_BLOCK</P>
  </ExternalFileReference>
  <ExternalFileReference>
    <P Name="Reference">sm_lib/Frames and
Transforms/Reference
Frame</P>
    <P Name="Path">$bdroot/j2s6s300_link_finger_tip_1/ReferenceFrame</P>
    <P Name="SID">156</P>
    <P Name="Type">LIBRARY_BLOCK</P>
  </ExternalFileReference>
  <ExternalFileReference>
    <P Name="Reference">sm_lib/Body Elements/File Solid</P>
    <P Name="Path">$bdroot/j2s6s300_link_finger_tip_1/Visual</P>
    <P Name="SID">157</P>
    <P Name="Type">LIBRARY_BLOCK</P>
  </ExternalFileReference>
  <ExternalFileReference>
    <P Name="Reference">sm_lib/Frames and
Transforms/Rigid
Transform</P>
    <P Name="Path">$bdroot/j2s6s300_link_finger_tip_1/VisualOriginTransform</P>
    <P Name="SID">158</P>
    <P Name="Type">LIBRARY_BLOCK</P>
  </ExternalFileReference>
  <ExternalFileReference>
    <P Name="Reference">sm_lib/Body Elements/Inertia</P>
    <P Name="Path">$bdroot/j2s6s300_link_finger_tip_2/Inertia</P>
    <P Name="SID">160</P>
    <P Name="Type">LIBRARY_BLOCK</P>
  </ExternalFileReference>
  <ExternalFileReference>
    <P Name="Reference">sm_lib/Frames and
Transforms/Rigid
Transform</P>
    <P Name="Path">$bdroot/j2s6s300_link_finger_tip_2/InertiaOriginTransform</P>
    <P Name="SID">161</P>
    <P Name="Type">LIBRARY_BLOCK</P>
  </ExternalFileReference>
  <ExternalFileReference>
    <P Name="Reference">sm_lib/Frames and
Transforms/Reference
Frame</P>
    <P Name="Path">$bdroot/j2s6s300_link_finger_tip_2/ReferenceFrame</P>
    <P Name="SID">162</P>
    <P Name="Type">LIBRARY_BLOCK</P>
  </ExternalFileReference>
  <ExternalFileReference>
    <P Name="Reference">sm_lib/Body Elements/File Solid</P>
    <P Name="Path">$bdroot/j2s6s300_link_finger_tip_2/Visual</P>
    <P Name="SID">163</P>
    <P Name="Type">LIBRARY_BLOCK</P>
  </ExternalFileReference>
  <ExternalFileReference>
    <P Name="Reference">sm_lib/Frames and
Transforms/Rigid
Transform</P>
    <P Name="Path">$bdroot/j2s6s300_link_finger_tip_2/VisualOriginTransform</P>
    <P Name="SID">164</P>
    <P Name="Type">LIBRARY_BLOCK</P>
  </ExternalFileReference>
  <ExternalFileReference>
    <P Name="Reference">sm_lib/Body Elements/Inertia</P>
    <P Name="Path">$bdroot/j2s6s300_link_finger_tip_3/Inertia</P>
    <P Name="SID">166</P>
    <P Name="Type">LIBRARY_BLOCK</P>
  </ExternalFileReference>
  <ExternalFileReference>
    <P Name="Reference">sm_lib/Frames and
Transforms/Rigid
Transform</P>
    <P Name="Path">$bdroot/j2s6s300_link_finger_tip_3/InertiaOriginTransform</P>
    <P Name="SID">167</P>
    <P Name="Type">LIBRARY_BLOCK</P>
  </ExternalFileReference>
  <ExternalFileReference>
    <P Name="Reference">sm_lib/Frames and
Transforms/Reference
Frame</P>
    <P Name="Path">$bdroot/j2s6s300_link_finger_tip_3/ReferenceFrame</P>
    <P Name="SID">168</P>
    <P Name="Type">LIBRARY_BLOCK</P>
  </ExternalFileReference>
  <ExternalFileReference>
    <P Name="Reference">sm_lib/Body Elements/File Solid</P>
    <P Name="Path">$bdroot/j2s6s300_link_finger_tip_3/Visual</P>
    <P Name="SID">169</P>
    <P Name="Type">LIBRARY_BLOCK</P>
  </ExternalFileReference>
  <ExternalFileReference>
    <P Name="Reference">sm_lib/Frames and
Transforms/Rigid
Transform</P>
    <P Name="Path">$bdroot/j2s6s300_link_finger_tip_3/VisualOriginTransform</P>
    <P Name="SID">170</P>
    <P Name="Type">LIBRARY_BLOCK</P>
  </ExternalFileReference>
  <ExternalFileReference>
    <P Name="Reference">sm_lib/Frames and
Transforms/Reference
Frame</P>
    <P Name="Path">$bdroot/root/ReferenceFrame</P>
    <P Name="SID">172</P>
    <P Name="Type">LIBRARY_BLOCK</P>
  </ExternalFileReference>
  <ExternalFileReference>
    <P Name="Reference">sm_lib/Body Elements/Brick Solid</P>
    <P Name="Path">$bdroot/root/Visual</P>
    <P Name="SID">173</P>
    <P Name="Type">LIBRARY_BLOCK</P>
  </ExternalFileReference>
  <ExternalFileReference>
    <P Name="Reference">sm_lib/Frames and
Transforms/Rigid
Transform</P>
    <P Name="Path">$bdroot/root/VisualOriginTransform</P>
    <P Name="SID">174</P>
    <P Name="Type">LIBRARY_BLOCK</P>
  </ExternalFileReference>
  <ExternalFileReference>
    <P Name="Reference">sm_lib/Frames and
Transforms/Rigid
Transform</P>
    <P Name="Path">$bdroot/root/j2s6s300_joint_base_OriginTransform</P>
    <P Name="SID">175</P>
    <P Name="Type">LIBRARY_BLOCK</P>
  </ExternalFileReference>
  <ExternalFileReference>
    <P Name="Reference">sm_lib/Frames and
Transforms/Reference
Frame</P>
    <P Name="Path">$bdroot/world/ReferenceFrame</P>
    <P Name="SID">178</P>
    <P Name="Type">LIBRARY_BLOCK</P>
  </ExternalFileReference>
  <ExternalFileReference>
    <P Name="Reference">sm_lib/Frames and
Transforms/Rigid
Transform</P>
    <P Name="Path">$bdroot/world/connect_root_and_world_OriginTransform</P>
    <P Name="SID">179</P>
    <P Name="Type">LIBRARY_BLOCK</P>
  </ExternalFileReference>
  <P Name="OrderedModelArguments">1</P>
</GraphicalInterface>
