<?xml version="1.0" encoding="UTF-8"?>
<sltp_graph version="1.1" packageUris="http://schema.mathworks.com/mf0/sltp_mm/R2021b_202106150630">
  <sltp.mm.core.Context type="sltp.mm.core.Context" uuid="f8a36af4-3ab0-4741-a4d1-e267e9e5dbef">
    <priorityDirection>HighNumberLast</priorityDirection>
    <editorState type="sltp.mm.core.EditorState" uuid="a9c0a82b-9383-4c0b-878b-d697aa673dbf">
      <isSynchronized>true</isSynchronized>
      <panelState type="sltp.mm.core.EditorPanelState" uuid="c4e794ba-4ddf-4a6d-875f-6190182e4cc7"/>
    </editorState>
    <rootTask type="sltp.mm.core.Task" uuid="55992f38-c056-45b0-bf00-510e222b9d58">
      <context type="sltp.mm.core.Context" uuid="f8a36af4-3ab0-4741-a4d1-e267e9e5dbef"/>
      <explicit>false</explicit>
      <name>Default</name>
      <priority>-2147483648</priority>
      <subgraph type="sltp.mm.core.Graph" uuid="994a1b2e-f7bc-4615-a276-cf3bf34bd105">
        <tasks type="sltp.mm.core.Task" uuid="d7bbc6b0-6ad1-4c99-b0e1-29cd0fc88e30">
          <baseTask>true</baseTask>
          <context type="sltp.mm.core.Context" uuid="f8a36af4-3ab0-4741-a4d1-e267e9e5dbef"/>
          <explicit>false</explicit>
          <id>1</id>
          <isTimed>true</isTimed>
          <name>Cont</name>
          <priority>40</priority>
          <rates type="sltp.mm.core.Rate" uuid="5e79ad1f-f2a8-4037-942c-5394367e3c4f">
            <annotation>Cont</annotation>
            <color>255</color>
            <hasBlocks>true</hasBlocks>
            <identifier>Continuous00</identifier>
            <rateSpec type="sltp.mm.core.RateSpec">
              <period>0.0</period>
            </rateSpec>
            <sti>0</sti>
          </rates>
        </tasks>
      </subgraph>
    </rootTask>
  </sltp.mm.core.Context>
</sltp_graph>