<?xml version="1.0" encoding="UTF-8"?>
<sltp_editor version="1.1" packageUris="http://schema.mathworks.com/mf0/DiagramEditor/R2019a_20181107 http://schema.mathworks.com/mf0/SltpSyntax/R2022a_202109161050">
  <diagram.editor.model.Diagram type="diagram.editor.model.Diagram" uuid="a63fc326-6088-44d1-a0cc-372e8081dcd8">
    <entities type="diagram.editor.model.Entity" uuid="6914908b-762e-4628-8be2-24bf561372cf">
      <position>0,0</position>
      <size>0,0,0,0</size>
      <syntaxElement type="sltp.mm.syntax.Node" uuid="bdad69b5-17d3-4638-987a-1ca6ef60f366"/>
      <title>Cont</title>
      <type>base</type>
      <subDiagram type="diagram.editor.model.Diagram" uuid="a3f25e95-36cd-4cd1-a0fe-a0ad33928546">
        <position>0,0</position>
        <syntaxElement type="sltp.mm.syntax.Graph" uuid="97de7ce9-9fbb-4231-b4d0-c54a55a5d82f"/>
        <title>Cont</title>
        <type>graph.Graph</type>
      </subDiagram>
    </entities>
    <syntaxElement type="sltp.mm.syntax.Graph" uuid="fe19fd3e-e731-438b-904b-503e78ea5988"/>
    <title>Default</title>
    <type>graph.Graph</type>
  </diagram.editor.model.Diagram>
  <sltp.mm.syntax.Context type="sltp.mm.syntax.Context" uuid="8c3150ff-abf0-46c0-8286-f4049e201e0d">
    <rootGraph type="sltp.mm.syntax.Graph" uuid="fe19fd3e-e731-438b-904b-503e78ea5988">
      <children type="sltp.mm.syntax.Node" uuid="bdad69b5-17d3-4638-987a-1ca6ef60f366">
        <priority>40</priority>
        <rates type="sltp.mm.syntax.RateData">
          <color>#000000</color>
          <hasBlocks>true</hasBlocks>
          <rate>0</rate>
          <title>Cont</title>
        </rates>
        <title>Cont</title>
        <type>base</type>
        <diagramElement type="diagram.editor.model.Entity" uuid="6914908b-762e-4628-8be2-24bf561372cf"/>
        <subgraph type="sltp.mm.syntax.Graph" uuid="97de7ce9-9fbb-4231-b4d0-c54a55a5d82f">
          <title>Cont</title>
          <diagramElement type="diagram.editor.model.Diagram" uuid="a3f25e95-36cd-4cd1-a0fe-a0ad33928546"/>
        </subgraph>
      </children>
      <title>Default</title>
      <diagramElement type="diagram.editor.model.Diagram" uuid="a63fc326-6088-44d1-a0cc-372e8081dcd8"/>
    </rootGraph>
  </sltp.mm.syntax.Context>
</sltp_editor>