<?xml version="1.0" encoding="utf-8"?>
<System>
  <P Name="Location">[22, -1, 1018, 758]</P>
  <P Name="SystemRect">[0.000000, 0.000000, 0.000000, 0.000000]</P>
  <P Name="Open">on</P>
  <P Name="SetExecutionDomain">off</P>
  <P Name="ExecutionDomainType">Deduce</P>
  <P Name="ReportName">simulink-default.rpt</P>
  <P Name="SIDHighWatermark">98</P>
  <P Name="SimulinkSubDomain">Simulink</P>
  <Block BlockType="Reference" Name="MechanismConfiguration" SID="1">
    <P Name="Ports">[0, 0, 0, 0, 0, 0, 1]</P>
    <P Name="Position">[30, 180, 70, 220]</P>
    <P Name="ZOrder">2</P>
    <P Name="ShowName">off</P>
    <P Name="LibraryVersion">7.51</P>
    <P Name="SourceBlock">sm_lib/Utilities/Mechanism
Configuration</P>
    <P Name="SourceType">Mechanism
Configuration</P>
    <P Name="SourceProductBaseCode">MS</P>
    <InstanceData>
      <P Name="LogSimulationData">off</P>
      <P Name="UniformGravity">Constant</P>
      <P Name="GravityVector">[0 0 -9.80665]</P>
      <P Name="GravityUnits">m/s^2</P>
      <P Name="GravityVector_conf">compiletime</P>
      <P Name="LinearizationDelta">0.001</P>
      <P Name="JointModeTransitionNonlinearIterations">2</P>
    </InstanceData>
  </Block>
  <Block BlockType="Reference" Name="Solver&#xA;Configuration" SID="98">
    <P Name="Ports">[0, 0, 0, 0, 0, 0, 1]</P>
    <P Name="Position">[30, 250, 70, 290]</P>
    <P Name="ZOrder">35</P>
    <P Name="ShowName">off</P>
    <P Name="LibraryVersion">6.0</P>
    <P Name="SourceBlock">nesl_utility/Solver
Configuration</P>
    <P Name="SourceType">Solver
Configuration</P>
    <P Name="SourceProductBaseCode">SS,PW,VE</P>
    <InstanceData>
      <P Name="RTWMemSecFuncInitTerm">Inherit from model</P>
      <P Name="RTWMemSecFuncExecute">Inherit from model</P>
      <P Name="RTWMemSecDataConstants">Inherit from model</P>
      <P Name="RTWMemSecDataInternal">Inherit from model</P>
      <P Name="RTWMemSecDataParameters">Inherit from model</P>
      <P Name="ContentPreviewEnabled">on</P>
      <P Name="PhysicalDomain">network_engine_domain</P>
      <P Name="SubClassName">solver</P>
      <P Name="LeftPortType">input</P>
      <P Name="RightPortType">generic</P>
      <P Name="Tones">[]</P>
      <P Name="Harmonics">[]</P>
      <P Name="SimulateNoise">off</P>
      <P Name="Profile">off</P>
      <P Name="UseLocalSampling">off</P>
      <P Name="EnableSwitchedLinearOptims">on</P>
      <P Name="FrequencyDomain">off</P>
      <P Name="UseCCode">off</P>
      <P Name="RelTol">0.001</P>
      <P Name="AbsTol">0.001</P>
      <P Name="MinStep">1e-09</P>
      <P Name="ToWorkspace">off</P>
      <P Name="RevertToSquareIcSolve">off</P>
      <P Name="NumHomotopyIterations">100</P>
      <P Name="PhasorMode">off</P>
      <P Name="PhasorModeNumHarmonics">1</P>
      <P Name="IndexReductionMethod">DerivativeReplacement</P>
      <P Name="DoDC">off</P>
      <P Name="ResidualTolerance">1e-09</P>
      <P Name="UseLocalSolver">off</P>
      <P Name="LocalSolverChoice">NE_BACKWARD_EULER_ADVANCER</P>
      <P Name="LocalSolverSampleTime">0.001</P>
      <P Name="DoFixedCost">off</P>
      <P Name="MaxNonlinIter">3</P>
      <P Name="MaxModeIter">2</P>
      <P Name="ComputeImpulses">off</P>
      <P Name="ImpulseIterations">2</P>
      <P Name="LinearAlgebra">auto</P>
      <P Name="LinearAlgebraNumThread">0</P>
      <P Name="EquationFormulation">NE_TIME_EF</P>
      <P Name="DelaysMemoryBudget">1024</P>
      <P Name="AutomaticFiltering">on</P>
      <P Name="FilteringTimeConstant">0.001</P>
      <P Name="PartitionStorageMethod">AS_NEEDED</P>
      <P Name="PartitionMemoryBudget">1024</P>
      <P Name="PartitionMethod">ROBUST</P>
    </InstanceData>
  </Block>
  <Block BlockType="Reference" Name="World" SID="2">
    <P Name="Ports">[0, 0, 0, 0, 0, 0, 1]</P>
    <P Name="Position">[30, 80, 70, 120]</P>
    <P Name="ZOrder">5</P>
    <P Name="LibraryVersion">7.51</P>
    <P Name="SourceBlock">sm_lib/Frames and
Transforms/World Frame</P>
    <P Name="SourceType">World Frame</P>
    <P Name="SourceProductBaseCode">MS</P>
    <InstanceData>
      <P Name="LogSimulationData">off</P>
    </InstanceData>
  </Block>
  <Block BlockType="Reference" Name="end_effector_joint" SID="3">
    <P Name="Ports">[0, 0, 0, 0, 0, 1, 1]</P>
    <P Name="Position">[1255, 230, 1295, 270]</P>
    <P Name="ZOrder">18</P>
    <P Name="LibraryVersion">7.51</P>
    <P Name="SourceBlock">sm_lib/Joints/Weld Joint</P>
    <P Name="SourceType">Weld Joint</P>
    <P Name="SourceProductBaseCode">MS</P>
    <InstanceData>
      <P Name="LogSimulationData">off</P>
      <P Name="JointMode">Normal</P>
      <P Name="SenseConstraintForce">off</P>
      <P Name="SenseConstraintForceX">off</P>
      <P Name="SenseConstraintForceY">off</P>
      <P Name="SenseConstraintForceZ">off</P>
      <P Name="SenseConstraintTorque">off</P>
      <P Name="SenseConstraintTorqueX">off</P>
      <P Name="SenseConstraintTorqueY">off</P>
      <P Name="SenseConstraintTorqueZ">off</P>
      <P Name="SenseTotalForce">off</P>
      <P Name="SenseTotalForceX">off</P>
      <P Name="SenseTotalForceY">off</P>
      <P Name="SenseTotalForceZ">off</P>
      <P Name="SenseTotalTorque">off</P>
      <P Name="SenseTotalTorqueX">off</P>
      <P Name="SenseTotalTorqueY">off</P>
      <P Name="SenseTotalTorqueZ">off</P>
      <P Name="CompositeWrenchDir">FollowerOnBase</P>
      <P Name="CompositeWrenchFrame">BaseFrame</P>
    </InstanceData>
  </Block>
  <Block BlockType="SubSystem" Name="end_effector_link" SID="4">
    <P Name="Ports">[0, 0, 0, 0, 0, 1]</P>
    <P Name="Position">[1355, 230, 1395, 270]</P>
    <P Name="ZOrder">19</P>
    <P Name="RequestExecContextInheritance">off</P>
    <P Name="ContentPreviewEnabled">on</P>
    <Mask>
      <Display/>
    </Mask>
    <System Ref="system_4"/>
  </Block>
  <Block BlockType="Reference" Name="gripper" SID="5">
    <P Name="Ports">[0, 0, 0, 0, 0, 1, 1]</P>
    <P Name="Position">[1255, 130, 1295, 170]</P>
    <P Name="ZOrder">20</P>
    <P Name="LibraryVersion">7.51</P>
    <P Name="SourceBlock">sm_lib/Joints/Prismatic
Joint</P>
    <P Name="SourceType">Prismatic
Joint</P>
    <P Name="SourceProductBaseCode">MS</P>
    <InstanceData>
      <P Name="LogSimulationData">off</P>
      <P Name="JointMode">Normal</P>
      <P Name="SenseConstraintForce">off</P>
      <P Name="SenseConstraintForceX">off</P>
      <P Name="SenseConstraintForceY">off</P>
      <P Name="SenseConstraintForceZ">off</P>
      <P Name="SenseConstraintTorque">off</P>
      <P Name="SenseConstraintTorqueX">off</P>
      <P Name="SenseConstraintTorqueY">off</P>
      <P Name="SenseConstraintTorqueZ">off</P>
      <P Name="SenseTotalForce">off</P>
      <P Name="SenseTotalForceX">off</P>
      <P Name="SenseTotalForceY">off</P>
      <P Name="SenseTotalForceZ">off</P>
      <P Name="SenseTotalTorque">off</P>
      <P Name="SenseTotalTorqueX">off</P>
      <P Name="SenseTotalTorqueY">off</P>
      <P Name="SenseTotalTorqueZ">off</P>
      <P Name="CompositeWrenchDir">FollowerOnBase</P>
      <P Name="CompositeWrenchFrame">BaseFrame</P>
      <P Name="EquilibriumPosition">0</P>
      <P Name="EquilibriumPositionUnits">m</P>
      <P Name="EquilibriumPosition_conf">compiletime</P>
      <P Name="SpringStiffness">0</P>
      <P Name="SpringStiffnessUnits">N/m</P>
      <P Name="SpringStiffness_conf">compiletime</P>
      <P Name="DampingCoefficient">0</P>
      <P Name="DampingCoefficientUnits">kg/s</P>
      <P Name="DampingCoefficient_conf">compiletime</P>
      <P Name="TorqueActuationMode">NoTorque</P>
      <P Name="MotionActuationMode">ComputedMotion</P>
      <P Name="SensePosition">off</P>
      <P Name="SenseVelocity">off</P>
      <P Name="SenseAcceleration">off</P>
      <P Name="SenseTorqueForce">off</P>
      <P Name="SenseLowerLimitTorqueForce">off</P>
      <P Name="SenseUpperLimitTorqueForce">off</P>
      <P Name="LowerLimitSpecify">on</P>
      <P Name="LowerLimitBound">-0.01</P>
      <P Name="LowerLimitBoundUnits">m</P>
      <P Name="LowerLimitBound_conf">compiletime</P>
      <P Name="LowerLimitStiffness">1e6</P>
      <P Name="LowerLimitStiffnessUnits">N/m</P>
      <P Name="LowerLimitStiffness_conf">compiletime</P>
      <P Name="LowerLimitDamping">1e3</P>
      <P Name="LowerLimitDampingUnits">N/(m/s)</P>
      <P Name="LowerLimitDamping_conf">compiletime</P>
      <P Name="LowerLimitTransitionRegionWidth">1e-4</P>
      <P Name="LowerLimitTransitionRegionWidthUnits">m</P>
      <P Name="LowerLimitTransitionRegionWidth_conf">compiletime</P>
      <P Name="UpperLimitSpecify">on</P>
      <P Name="UpperLimitBound">0.019</P>
      <P Name="UpperLimitBoundUnits">m</P>
      <P Name="UpperLimitBound_conf">compiletime</P>
      <P Name="UpperLimitStiffness">1e6</P>
      <P Name="UpperLimitStiffnessUnits">N/m</P>
      <P Name="UpperLimitStiffness_conf">compiletime</P>
      <P Name="UpperLimitDamping">1e3</P>
      <P Name="UpperLimitDampingUnits">N/(m/s)</P>
      <P Name="UpperLimitDamping_conf">compiletime</P>
      <P Name="UpperLimitTransitionRegionWidth">1e-4</P>
      <P Name="UpperLimitTransitionRegionWidthUnits">m</P>
      <P Name="UpperLimitTransitionRegionWidth_conf">compiletime</P>
      <P Name="PositionTargetSpecify">off</P>
      <P Name="PositionTargetPriority">High</P>
      <P Name="PositionTargetValue">0</P>
      <P Name="PositionTargetValueUnits">m</P>
      <P Name="PositionTargetValue_conf">compiletime</P>
      <P Name="VelocityTargetSpecify">off</P>
      <P Name="VelocityTargetPriority">High</P>
      <P Name="VelocityTargetValue">0</P>
      <P Name="VelocityTargetValueUnits">m/s</P>
      <P Name="VelocityTargetValue_conf">compiletime</P>
    </InstanceData>
  </Block>
  <Block BlockType="SubSystem" Name="gripper_link" SID="6">
    <P Name="Ports">[0, 0, 0, 0, 0, 1]</P>
    <P Name="Position">[1355, 130, 1395, 170]</P>
    <P Name="ZOrder">21</P>
    <P Name="RequestExecContextInheritance">off</P>
    <P Name="ContentPreviewEnabled">on</P>
    <Mask>
      <Display/>
    </Mask>
    <System Ref="system_6"/>
  </Block>
  <Block BlockType="SubSystem" Name="gripper_link_sub" SID="7">
    <P Name="Ports">[0, 0, 0, 0, 0, 1]</P>
    <P Name="Position">[1355, 30, 1395, 70]</P>
    <P Name="ZOrder">22</P>
    <P Name="RequestExecContextInheritance">off</P>
    <P Name="ContentPreviewEnabled">on</P>
    <Mask>
      <Display/>
    </Mask>
    <System Ref="system_7"/>
  </Block>
  <Block BlockType="Reference" Name="gripper_sub" SID="8">
    <P Name="Ports">[0, 0, 0, 0, 0, 1, 1]</P>
    <P Name="Position">[1255, 30, 1295, 70]</P>
    <P Name="ZOrder">23</P>
    <P Name="LibraryVersion">7.51</P>
    <P Name="SourceBlock">sm_lib/Joints/Prismatic
Joint</P>
    <P Name="SourceType">Prismatic
Joint</P>
    <P Name="SourceProductBaseCode">MS</P>
    <InstanceData>
      <P Name="LogSimulationData">off</P>
      <P Name="JointMode">Normal</P>
      <P Name="SenseConstraintForce">off</P>
      <P Name="SenseConstraintForceX">off</P>
      <P Name="SenseConstraintForceY">off</P>
      <P Name="SenseConstraintForceZ">off</P>
      <P Name="SenseConstraintTorque">off</P>
      <P Name="SenseConstraintTorqueX">off</P>
      <P Name="SenseConstraintTorqueY">off</P>
      <P Name="SenseConstraintTorqueZ">off</P>
      <P Name="SenseTotalForce">off</P>
      <P Name="SenseTotalForceX">off</P>
      <P Name="SenseTotalForceY">off</P>
      <P Name="SenseTotalForceZ">off</P>
      <P Name="SenseTotalTorque">off</P>
      <P Name="SenseTotalTorqueX">off</P>
      <P Name="SenseTotalTorqueY">off</P>
      <P Name="SenseTotalTorqueZ">off</P>
      <P Name="CompositeWrenchDir">FollowerOnBase</P>
      <P Name="CompositeWrenchFrame">BaseFrame</P>
      <P Name="EquilibriumPosition">0</P>
      <P Name="EquilibriumPositionUnits">m</P>
      <P Name="EquilibriumPosition_conf">compiletime</P>
      <P Name="SpringStiffness">0</P>
      <P Name="SpringStiffnessUnits">N/m</P>
      <P Name="SpringStiffness_conf">compiletime</P>
      <P Name="DampingCoefficient">0</P>
      <P Name="DampingCoefficientUnits">kg/s</P>
      <P Name="DampingCoefficient_conf">compiletime</P>
      <P Name="TorqueActuationMode">NoTorque</P>
      <P Name="MotionActuationMode">ComputedMotion</P>
      <P Name="SensePosition">off</P>
      <P Name="SenseVelocity">off</P>
      <P Name="SenseAcceleration">off</P>
      <P Name="SenseTorqueForce">off</P>
      <P Name="SenseLowerLimitTorqueForce">off</P>
      <P Name="SenseUpperLimitTorqueForce">off</P>
      <P Name="LowerLimitSpecify">on</P>
      <P Name="LowerLimitBound">-0.01</P>
      <P Name="LowerLimitBoundUnits">m</P>
      <P Name="LowerLimitBound_conf">compiletime</P>
      <P Name="LowerLimitStiffness">1e6</P>
      <P Name="LowerLimitStiffnessUnits">N/m</P>
      <P Name="LowerLimitStiffness_conf">compiletime</P>
      <P Name="LowerLimitDamping">1e3</P>
      <P Name="LowerLimitDampingUnits">N/(m/s)</P>
      <P Name="LowerLimitDamping_conf">compiletime</P>
      <P Name="LowerLimitTransitionRegionWidth">1e-4</P>
      <P Name="LowerLimitTransitionRegionWidthUnits">m</P>
      <P Name="LowerLimitTransitionRegionWidth_conf">compiletime</P>
      <P Name="UpperLimitSpecify">on</P>
      <P Name="UpperLimitBound">0.019</P>
      <P Name="UpperLimitBoundUnits">m</P>
      <P Name="UpperLimitBound_conf">compiletime</P>
      <P Name="UpperLimitStiffness">1e6</P>
      <P Name="UpperLimitStiffnessUnits">N/m</P>
      <P Name="UpperLimitStiffness_conf">compiletime</P>
      <P Name="UpperLimitDamping">1e3</P>
      <P Name="UpperLimitDampingUnits">N/(m/s)</P>
      <P Name="UpperLimitDamping_conf">compiletime</P>
      <P Name="UpperLimitTransitionRegionWidth">1e-4</P>
      <P Name="UpperLimitTransitionRegionWidthUnits">m</P>
      <P Name="UpperLimitTransitionRegionWidth_conf">compiletime</P>
      <P Name="PositionTargetSpecify">off</P>
      <P Name="PositionTargetPriority">High</P>
      <P Name="PositionTargetValue">0</P>
      <P Name="PositionTargetValueUnits">m</P>
      <P Name="PositionTargetValue_conf">compiletime</P>
      <P Name="VelocityTargetSpecify">off</P>
      <P Name="VelocityTargetPriority">High</P>
      <P Name="VelocityTargetValue">0</P>
      <P Name="VelocityTargetValueUnits">m/s</P>
      <P Name="VelocityTargetValue_conf">compiletime</P>
    </InstanceData>
  </Block>
  <Block BlockType="Reference" Name="joint1" SID="9">
    <P Name="Ports">[0, 0, 0, 0, 0, 1, 1]</P>
    <P Name="Position">[440, 130, 480, 170]</P>
    <P Name="ZOrder">24</P>
    <P Name="LibraryVersion">7.51</P>
    <P Name="SourceBlock">sm_lib/Joints/Revolute Joint</P>
    <P Name="SourceType">Revolute Joint</P>
    <P Name="SourceProductBaseCode">MS</P>
    <InstanceData>
      <P Name="LogSimulationData">off</P>
      <P Name="JointMode">Normal</P>
      <P Name="SenseConstraintForce">off</P>
      <P Name="SenseConstraintForceX">off</P>
      <P Name="SenseConstraintForceY">off</P>
      <P Name="SenseConstraintForceZ">off</P>
      <P Name="SenseConstraintTorque">off</P>
      <P Name="SenseConstraintTorqueX">off</P>
      <P Name="SenseConstraintTorqueY">off</P>
      <P Name="SenseConstraintTorqueZ">off</P>
      <P Name="SenseTotalForce">off</P>
      <P Name="SenseTotalForceX">off</P>
      <P Name="SenseTotalForceY">off</P>
      <P Name="SenseTotalForceZ">off</P>
      <P Name="SenseTotalTorque">off</P>
      <P Name="SenseTotalTorqueX">off</P>
      <P Name="SenseTotalTorqueY">off</P>
      <P Name="SenseTotalTorqueZ">off</P>
      <P Name="CompositeWrenchDir">FollowerOnBase</P>
      <P Name="CompositeWrenchFrame">BaseFrame</P>
      <P Name="EquilibriumPosition">0</P>
      <P Name="EquilibriumPositionUnits">deg</P>
      <P Name="EquilibriumPosition_conf">compiletime</P>
      <P Name="SpringStiffness">0</P>
      <P Name="SpringStiffnessUnits">N*m/deg</P>
      <P Name="SpringStiffness_conf">compiletime</P>
      <P Name="DampingCoefficient">0</P>
      <P Name="DampingCoefficientUnits">kg*m^2/(rad*s)</P>
      <P Name="DampingCoefficient_conf">compiletime</P>
      <P Name="TorqueActuationMode">NoTorque</P>
      <P Name="MotionActuationMode">ComputedMotion</P>
      <P Name="SensePosition">off</P>
      <P Name="SenseVelocity">off</P>
      <P Name="SenseAcceleration">off</P>
      <P Name="SenseTorqueForce">off</P>
      <P Name="SenseLowerLimitTorqueForce">off</P>
      <P Name="SenseUpperLimitTorqueForce">off</P>
      <P Name="LowerLimitSpecify">on</P>
      <P Name="LowerLimitBound">-2.82743338823</P>
      <P Name="LowerLimitBoundUnits">rad</P>
      <P Name="LowerLimitBound_conf">compiletime</P>
      <P Name="LowerLimitStiffness">1e4</P>
      <P Name="LowerLimitStiffnessUnits">N*m/deg</P>
      <P Name="LowerLimitStiffness_conf">compiletime</P>
      <P Name="LowerLimitDamping">10</P>
      <P Name="LowerLimitDampingUnits">N*m/(deg/s)</P>
      <P Name="LowerLimitDamping_conf">compiletime</P>
      <P Name="LowerLimitTransitionRegionWidth">0.1</P>
      <P Name="LowerLimitTransitionRegionWidthUnits">deg</P>
      <P Name="LowerLimitTransitionRegionWidth_conf">compiletime</P>
      <P Name="UpperLimitSpecify">on</P>
      <P Name="UpperLimitBound">2.82743338823</P>
      <P Name="UpperLimitBoundUnits">rad</P>
      <P Name="UpperLimitBound_conf">compiletime</P>
      <P Name="UpperLimitStiffness">1e4</P>
      <P Name="UpperLimitStiffnessUnits">N*m/deg</P>
      <P Name="UpperLimitStiffness_conf">compiletime</P>
      <P Name="UpperLimitDamping">10</P>
      <P Name="UpperLimitDampingUnits">N*m/(deg/s)</P>
      <P Name="UpperLimitDamping_conf">compiletime</P>
      <P Name="UpperLimitTransitionRegionWidth">0.1</P>
      <P Name="UpperLimitTransitionRegionWidthUnits">deg</P>
      <P Name="UpperLimitTransitionRegionWidth_conf">compiletime</P>
      <P Name="PositionTargetSpecify">off</P>
      <P Name="PositionTargetPriority">High</P>
      <P Name="PositionTargetValue">0</P>
      <P Name="PositionTargetValueUnits">deg</P>
      <P Name="PositionTargetValue_conf">compiletime</P>
      <P Name="VelocityTargetSpecify">off</P>
      <P Name="VelocityTargetPriority">High</P>
      <P Name="VelocityTargetValue">0</P>
      <P Name="VelocityTargetValueUnits">deg/s</P>
      <P Name="VelocityTargetValue_conf">compiletime</P>
    </InstanceData>
  </Block>
  <Block BlockType="Reference" Name="joint2" SID="10">
    <P Name="Ports">[0, 0, 0, 0, 0, 1, 1]</P>
    <P Name="Position">[640, 130, 680, 170]</P>
    <P Name="ZOrder">25</P>
    <P Name="LibraryVersion">7.51</P>
    <P Name="SourceBlock">sm_lib/Joints/Revolute Joint</P>
    <P Name="SourceType">Revolute Joint</P>
    <P Name="SourceProductBaseCode">MS</P>
    <InstanceData>
      <P Name="LogSimulationData">off</P>
      <P Name="JointMode">Normal</P>
      <P Name="SenseConstraintForce">off</P>
      <P Name="SenseConstraintForceX">off</P>
      <P Name="SenseConstraintForceY">off</P>
      <P Name="SenseConstraintForceZ">off</P>
      <P Name="SenseConstraintTorque">off</P>
      <P Name="SenseConstraintTorqueX">off</P>
      <P Name="SenseConstraintTorqueY">off</P>
      <P Name="SenseConstraintTorqueZ">off</P>
      <P Name="SenseTotalForce">off</P>
      <P Name="SenseTotalForceX">off</P>
      <P Name="SenseTotalForceY">off</P>
      <P Name="SenseTotalForceZ">off</P>
      <P Name="SenseTotalTorque">off</P>
      <P Name="SenseTotalTorqueX">off</P>
      <P Name="SenseTotalTorqueY">off</P>
      <P Name="SenseTotalTorqueZ">off</P>
      <P Name="CompositeWrenchDir">FollowerOnBase</P>
      <P Name="CompositeWrenchFrame">BaseFrame</P>
      <P Name="EquilibriumPosition">0</P>
      <P Name="EquilibriumPositionUnits">deg</P>
      <P Name="EquilibriumPosition_conf">compiletime</P>
      <P Name="SpringStiffness">0</P>
      <P Name="SpringStiffnessUnits">N*m/deg</P>
      <P Name="SpringStiffness_conf">compiletime</P>
      <P Name="DampingCoefficient">0</P>
      <P Name="DampingCoefficientUnits">kg*m^2/(rad*s)</P>
      <P Name="DampingCoefficient_conf">compiletime</P>
      <P Name="TorqueActuationMode">NoTorque</P>
      <P Name="MotionActuationMode">ComputedMotion</P>
      <P Name="SensePosition">off</P>
      <P Name="SenseVelocity">off</P>
      <P Name="SenseAcceleration">off</P>
      <P Name="SenseTorqueForce">off</P>
      <P Name="SenseLowerLimitTorqueForce">off</P>
      <P Name="SenseUpperLimitTorqueForce">off</P>
      <P Name="LowerLimitSpecify">on</P>
      <P Name="LowerLimitBound">-1.79070781255</P>
      <P Name="LowerLimitBoundUnits">rad</P>
      <P Name="LowerLimitBound_conf">compiletime</P>
      <P Name="LowerLimitStiffness">1e4</P>
      <P Name="LowerLimitStiffnessUnits">N*m/deg</P>
      <P Name="LowerLimitStiffness_conf">compiletime</P>
      <P Name="LowerLimitDamping">10</P>
      <P Name="LowerLimitDampingUnits">N*m/(deg/s)</P>
      <P Name="LowerLimitDamping_conf">compiletime</P>
      <P Name="LowerLimitTransitionRegionWidth">0.1</P>
      <P Name="LowerLimitTransitionRegionWidthUnits">deg</P>
      <P Name="LowerLimitTransitionRegionWidth_conf">compiletime</P>
      <P Name="UpperLimitSpecify">on</P>
      <P Name="UpperLimitBound">1.57079632679</P>
      <P Name="UpperLimitBoundUnits">rad</P>
      <P Name="UpperLimitBound_conf">compiletime</P>
      <P Name="UpperLimitStiffness">1e4</P>
      <P Name="UpperLimitStiffnessUnits">N*m/deg</P>
      <P Name="UpperLimitStiffness_conf">compiletime</P>
      <P Name="UpperLimitDamping">10</P>
      <P Name="UpperLimitDampingUnits">N*m/(deg/s)</P>
      <P Name="UpperLimitDamping_conf">compiletime</P>
      <P Name="UpperLimitTransitionRegionWidth">0.1</P>
      <P Name="UpperLimitTransitionRegionWidthUnits">deg</P>
      <P Name="UpperLimitTransitionRegionWidth_conf">compiletime</P>
      <P Name="PositionTargetSpecify">off</P>
      <P Name="PositionTargetPriority">High</P>
      <P Name="PositionTargetValue">0</P>
      <P Name="PositionTargetValueUnits">deg</P>
      <P Name="PositionTargetValue_conf">compiletime</P>
      <P Name="VelocityTargetSpecify">off</P>
      <P Name="VelocityTargetPriority">High</P>
      <P Name="VelocityTargetValue">0</P>
      <P Name="VelocityTargetValueUnits">deg/s</P>
      <P Name="VelocityTargetValue_conf">compiletime</P>
    </InstanceData>
  </Block>
  <Block BlockType="Reference" Name="joint3" SID="11">
    <P Name="Ports">[0, 0, 0, 0, 0, 1, 1]</P>
    <P Name="Position">[845, 130, 885, 170]</P>
    <P Name="ZOrder">26</P>
    <P Name="LibraryVersion">7.51</P>
    <P Name="SourceBlock">sm_lib/Joints/Revolute Joint</P>
    <P Name="SourceType">Revolute Joint</P>
    <P Name="SourceProductBaseCode">MS</P>
    <InstanceData>
      <P Name="LogSimulationData">off</P>
      <P Name="JointMode">Normal</P>
      <P Name="SenseConstraintForce">off</P>
      <P Name="SenseConstraintForceX">off</P>
      <P Name="SenseConstraintForceY">off</P>
      <P Name="SenseConstraintForceZ">off</P>
      <P Name="SenseConstraintTorque">off</P>
      <P Name="SenseConstraintTorqueX">off</P>
      <P Name="SenseConstraintTorqueY">off</P>
      <P Name="SenseConstraintTorqueZ">off</P>
      <P Name="SenseTotalForce">off</P>
      <P Name="SenseTotalForceX">off</P>
      <P Name="SenseTotalForceY">off</P>
      <P Name="SenseTotalForceZ">off</P>
      <P Name="SenseTotalTorque">off</P>
      <P Name="SenseTotalTorqueX">off</P>
      <P Name="SenseTotalTorqueY">off</P>
      <P Name="SenseTotalTorqueZ">off</P>
      <P Name="CompositeWrenchDir">FollowerOnBase</P>
      <P Name="CompositeWrenchFrame">BaseFrame</P>
      <P Name="EquilibriumPosition">0</P>
      <P Name="EquilibriumPositionUnits">deg</P>
      <P Name="EquilibriumPosition_conf">compiletime</P>
      <P Name="SpringStiffness">0</P>
      <P Name="SpringStiffnessUnits">N*m/deg</P>
      <P Name="SpringStiffness_conf">compiletime</P>
      <P Name="DampingCoefficient">0</P>
      <P Name="DampingCoefficientUnits">kg*m^2/(rad*s)</P>
      <P Name="DampingCoefficient_conf">compiletime</P>
      <P Name="TorqueActuationMode">NoTorque</P>
      <P Name="MotionActuationMode">ComputedMotion</P>
      <P Name="SensePosition">off</P>
      <P Name="SenseVelocity">off</P>
      <P Name="SenseAcceleration">off</P>
      <P Name="SenseTorqueForce">off</P>
      <P Name="SenseLowerLimitTorqueForce">off</P>
      <P Name="SenseUpperLimitTorqueForce">off</P>
      <P Name="LowerLimitSpecify">on</P>
      <P Name="LowerLimitBound">-0.942477796077</P>
      <P Name="LowerLimitBoundUnits">rad</P>
      <P Name="LowerLimitBound_conf">compiletime</P>
      <P Name="LowerLimitStiffness">1e4</P>
      <P Name="LowerLimitStiffnessUnits">N*m/deg</P>
      <P Name="LowerLimitStiffness_conf">compiletime</P>
      <P Name="LowerLimitDamping">10</P>
      <P Name="LowerLimitDampingUnits">N*m/(deg/s)</P>
      <P Name="LowerLimitDamping_conf">compiletime</P>
      <P Name="LowerLimitTransitionRegionWidth">0.1</P>
      <P Name="LowerLimitTransitionRegionWidthUnits">deg</P>
      <P Name="LowerLimitTransitionRegionWidth_conf">compiletime</P>
      <P Name="UpperLimitSpecify">on</P>
      <P Name="UpperLimitBound">1.38230076758</P>
      <P Name="UpperLimitBoundUnits">rad</P>
      <P Name="UpperLimitBound_conf">compiletime</P>
      <P Name="UpperLimitStiffness">1e4</P>
      <P Name="UpperLimitStiffnessUnits">N*m/deg</P>
      <P Name="UpperLimitStiffness_conf">compiletime</P>
      <P Name="UpperLimitDamping">10</P>
      <P Name="UpperLimitDampingUnits">N*m/(deg/s)</P>
      <P Name="UpperLimitDamping_conf">compiletime</P>
      <P Name="UpperLimitTransitionRegionWidth">0.1</P>
      <P Name="UpperLimitTransitionRegionWidthUnits">deg</P>
      <P Name="UpperLimitTransitionRegionWidth_conf">compiletime</P>
      <P Name="PositionTargetSpecify">off</P>
      <P Name="PositionTargetPriority">High</P>
      <P Name="PositionTargetValue">0</P>
      <P Name="PositionTargetValueUnits">deg</P>
      <P Name="PositionTargetValue_conf">compiletime</P>
      <P Name="VelocityTargetSpecify">off</P>
      <P Name="VelocityTargetPriority">High</P>
      <P Name="VelocityTargetValue">0</P>
      <P Name="VelocityTargetValueUnits">deg/s</P>
      <P Name="VelocityTargetValue_conf">compiletime</P>
    </InstanceData>
  </Block>
  <Block BlockType="Reference" Name="joint4" SID="12">
    <P Name="Ports">[0, 0, 0, 0, 0, 1, 1]</P>
    <P Name="Position">[1050, 130, 1090, 170]</P>
    <P Name="ZOrder">27</P>
    <P Name="LibraryVersion">7.51</P>
    <P Name="SourceBlock">sm_lib/Joints/Revolute Joint</P>
    <P Name="SourceType">Revolute Joint</P>
    <P Name="SourceProductBaseCode">MS</P>
    <InstanceData>
      <P Name="LogSimulationData">off</P>
      <P Name="JointMode">Normal</P>
      <P Name="SenseConstraintForce">off</P>
      <P Name="SenseConstraintForceX">off</P>
      <P Name="SenseConstraintForceY">off</P>
      <P Name="SenseConstraintForceZ">off</P>
      <P Name="SenseConstraintTorque">off</P>
      <P Name="SenseConstraintTorqueX">off</P>
      <P Name="SenseConstraintTorqueY">off</P>
      <P Name="SenseConstraintTorqueZ">off</P>
      <P Name="SenseTotalForce">off</P>
      <P Name="SenseTotalForceX">off</P>
      <P Name="SenseTotalForceY">off</P>
      <P Name="SenseTotalForceZ">off</P>
      <P Name="SenseTotalTorque">off</P>
      <P Name="SenseTotalTorqueX">off</P>
      <P Name="SenseTotalTorqueY">off</P>
      <P Name="SenseTotalTorqueZ">off</P>
      <P Name="CompositeWrenchDir">FollowerOnBase</P>
      <P Name="CompositeWrenchFrame">BaseFrame</P>
      <P Name="EquilibriumPosition">0</P>
      <P Name="EquilibriumPositionUnits">deg</P>
      <P Name="EquilibriumPosition_conf">compiletime</P>
      <P Name="SpringStiffness">0</P>
      <P Name="SpringStiffnessUnits">N*m/deg</P>
      <P Name="SpringStiffness_conf">compiletime</P>
      <P Name="DampingCoefficient">0</P>
      <P Name="DampingCoefficientUnits">kg*m^2/(rad*s)</P>
      <P Name="DampingCoefficient_conf">compiletime</P>
      <P Name="TorqueActuationMode">NoTorque</P>
      <P Name="MotionActuationMode">ComputedMotion</P>
      <P Name="SensePosition">off</P>
      <P Name="SenseVelocity">off</P>
      <P Name="SenseAcceleration">off</P>
      <P Name="SenseTorqueForce">off</P>
      <P Name="SenseLowerLimitTorqueForce">off</P>
      <P Name="SenseUpperLimitTorqueForce">off</P>
      <P Name="LowerLimitSpecify">on</P>
      <P Name="LowerLimitBound">-1.79070781255</P>
      <P Name="LowerLimitBoundUnits">rad</P>
      <P Name="LowerLimitBound_conf">compiletime</P>
      <P Name="LowerLimitStiffness">1e4</P>
      <P Name="LowerLimitStiffnessUnits">N*m/deg</P>
      <P Name="LowerLimitStiffness_conf">compiletime</P>
      <P Name="LowerLimitDamping">10</P>
      <P Name="LowerLimitDampingUnits">N*m/(deg/s)</P>
      <P Name="LowerLimitDamping_conf">compiletime</P>
      <P Name="LowerLimitTransitionRegionWidth">0.1</P>
      <P Name="LowerLimitTransitionRegionWidthUnits">deg</P>
      <P Name="LowerLimitTransitionRegionWidth_conf">compiletime</P>
      <P Name="UpperLimitSpecify">on</P>
      <P Name="UpperLimitBound">2.04203522483</P>
      <P Name="UpperLimitBoundUnits">rad</P>
      <P Name="UpperLimitBound_conf">compiletime</P>
      <P Name="UpperLimitStiffness">1e4</P>
      <P Name="UpperLimitStiffnessUnits">N*m/deg</P>
      <P Name="UpperLimitStiffness_conf">compiletime</P>
      <P Name="UpperLimitDamping">10</P>
      <P Name="UpperLimitDampingUnits">N*m/(deg/s)</P>
      <P Name="UpperLimitDamping_conf">compiletime</P>
      <P Name="UpperLimitTransitionRegionWidth">0.1</P>
      <P Name="UpperLimitTransitionRegionWidthUnits">deg</P>
      <P Name="UpperLimitTransitionRegionWidth_conf">compiletime</P>
      <P Name="PositionTargetSpecify">off</P>
      <P Name="PositionTargetPriority">High</P>
      <P Name="PositionTargetValue">0</P>
      <P Name="PositionTargetValueUnits">deg</P>
      <P Name="PositionTargetValue_conf">compiletime</P>
      <P Name="VelocityTargetSpecify">off</P>
      <P Name="VelocityTargetPriority">High</P>
      <P Name="VelocityTargetValue">0</P>
      <P Name="VelocityTargetValueUnits">deg/s</P>
      <P Name="VelocityTargetValue_conf">compiletime</P>
    </InstanceData>
  </Block>
  <Block BlockType="SubSystem" Name="link1" SID="13">
    <P Name="Ports">[0, 0, 0, 0, 0, 1, 1]</P>
    <P Name="Position">[335, 130, 375, 170]</P>
    <P Name="ZOrder">28</P>
    <P Name="RequestExecContextInheritance">off</P>
    <P Name="ContentPreviewEnabled">on</P>
    <Mask>
      <Display/>
    </Mask>
    <System Ref="system_13"/>
  </Block>
  <Block BlockType="SubSystem" Name="link2" SID="14">
    <P Name="Ports">[0, 0, 0, 0, 0, 1, 1]</P>
    <P Name="Position">[540, 130, 580, 170]</P>
    <P Name="ZOrder">29</P>
    <P Name="RequestExecContextInheritance">off</P>
    <P Name="ContentPreviewEnabled">on</P>
    <Mask>
      <Display/>
    </Mask>
    <System Ref="system_14"/>
  </Block>
  <Block BlockType="SubSystem" Name="link3" SID="15">
    <P Name="Ports">[0, 0, 0, 0, 0, 1, 1]</P>
    <P Name="Position">[745, 130, 785, 170]</P>
    <P Name="ZOrder">30</P>
    <P Name="RequestExecContextInheritance">off</P>
    <P Name="ContentPreviewEnabled">on</P>
    <Mask>
      <Display/>
    </Mask>
    <System Ref="system_15"/>
  </Block>
  <Block BlockType="SubSystem" Name="link4" SID="16">
    <P Name="Ports">[0, 0, 0, 0, 0, 1, 1]</P>
    <P Name="Position">[950, 130, 990, 170]</P>
    <P Name="ZOrder">31</P>
    <P Name="RequestExecContextInheritance">off</P>
    <P Name="ContentPreviewEnabled">on</P>
    <Mask>
      <Display/>
    </Mask>
    <System Ref="system_16"/>
  </Block>
  <Block BlockType="SubSystem" Name="link5" SID="17">
    <P Name="Ports">[0, 0, 0, 0, 0, 1, 3]</P>
    <P Name="Position">[1150, 130, 1190, 170]</P>
    <P Name="ZOrder">32</P>
    <P Name="RequestExecContextInheritance">off</P>
    <P Name="ContentPreviewEnabled">on</P>
    <Mask>
      <Display/>
    </Mask>
    <System Ref="system_17"/>
  </Block>
  <Block BlockType="SubSystem" Name="world" SID="18">
    <P Name="Ports">[0, 0, 0, 0, 0, 1, 1]</P>
    <P Name="Position">[130, 130, 170, 170]</P>
    <P Name="ZOrder">33</P>
    <P Name="RequestExecContextInheritance">off</P>
    <P Name="ContentPreviewEnabled">on</P>
    <Mask>
      <Display/>
    </Mask>
    <System Ref="system_18"/>
  </Block>
  <Block BlockType="Reference" Name="world_fixed" SID="19">
    <P Name="Ports">[0, 0, 0, 0, 0, 1, 1]</P>
    <P Name="Position">[235, 130, 275, 170]</P>
    <P Name="ZOrder">34</P>
    <P Name="LibraryVersion">7.51</P>
    <P Name="SourceBlock">sm_lib/Joints/Weld Joint</P>
    <P Name="SourceType">Weld Joint</P>
    <P Name="SourceProductBaseCode">MS</P>
    <InstanceData>
      <P Name="LogSimulationData">off</P>
      <P Name="JointMode">Normal</P>
      <P Name="SenseConstraintForce">off</P>
      <P Name="SenseConstraintForceX">off</P>
      <P Name="SenseConstraintForceY">off</P>
      <P Name="SenseConstraintForceZ">off</P>
      <P Name="SenseConstraintTorque">off</P>
      <P Name="SenseConstraintTorqueX">off</P>
      <P Name="SenseConstraintTorqueY">off</P>
      <P Name="SenseConstraintTorqueZ">off</P>
      <P Name="SenseTotalForce">off</P>
      <P Name="SenseTotalForceX">off</P>
      <P Name="SenseTotalForceY">off</P>
      <P Name="SenseTotalForceZ">off</P>
      <P Name="SenseTotalTorque">off</P>
      <P Name="SenseTotalTorqueX">off</P>
      <P Name="SenseTotalTorqueY">off</P>
      <P Name="SenseTotalTorqueZ">off</P>
      <P Name="CompositeWrenchDir">FollowerOnBase</P>
      <P Name="CompositeWrenchFrame">BaseFrame</P>
    </InstanceData>
  </Block>
  <Line LineType="Connection">
    <P Name="ZOrder">1</P>
    <P Name="Src">3#rconn:1</P>
    <P Name="Dst">4#lconn:1</P>
  </Line>
  <Line LineType="Connection">
    <P Name="ZOrder">2</P>
    <P Name="Src">5#rconn:1</P>
    <P Name="Dst">6#lconn:1</P>
  </Line>
  <Line LineType="Connection">
    <P Name="ZOrder">3</P>
    <P Name="Src">12#lconn:1</P>
    <P Name="Dst">16#rconn:1</P>
  </Line>
  <Line LineType="Connection">
    <P Name="ZOrder">4</P>
    <P Name="Src">12#rconn:1</P>
    <P Name="Dst">17#lconn:1</P>
  </Line>
  <Line LineType="Connection">
    <P Name="ZOrder">5</P>
    <P Name="Src">3#lconn:1</P>
    <P Name="Points">[-15, 0; 0, -85]</P>
    <P Name="Dst">17#rconn:3</P>
  </Line>
  <Line LineType="Connection">
    <P Name="ZOrder">6</P>
    <P Name="Src">5#lconn:1</P>
    <P Name="Dst">17#rconn:2</P>
  </Line>
  <Line LineType="Connection">
    <P Name="ZOrder">7</P>
    <P Name="Src">8#lconn:1</P>
    <P Name="Points">[-15, 0; 0, 85]</P>
    <P Name="Dst">17#rconn:1</P>
  </Line>
  <Line LineType="Connection">
    <P Name="ZOrder">8</P>
    <P Name="Src">18#rconn:1</P>
    <P Name="Dst">19#lconn:1</P>
  </Line>
  <Line LineType="Connection">
    <P Name="ZOrder">9</P>
    <P Name="Points">[95, 200; 0, -100; -10, 0]</P>
    <P Name="Dst">2#rconn:1</P>
    <Branch ConnectType="SRC_DEST">
      <P Name="Points">[85, 200; 10, 0]</P>
      <Branch ConnectType="SRC_DEST">
        <P Name="Src">1#rconn:1</P>
        <P Name="Points">[0, 0]</P>
      </Branch>
      <Branch ConnectType="SRC_SRC">
        <P Name="Points">[10, 0; 0, 70]</P>
        <P Name="Dst">98#rconn:1</P>
      </Branch>
    </Branch>
    <Branch ConnectType="SRC_SRC">
      <P Name="Points">[5, 0; 0, -50]</P>
      <P Name="Dst">18#lconn:1</P>
    </Branch>
  </Line>
  <Line LineType="Connection">
    <P Name="ZOrder">12</P>
    <P Name="Src">7#lconn:1</P>
    <P Name="Dst">8#rconn:1</P>
  </Line>
  <Line LineType="Connection">
    <P Name="ZOrder">13</P>
    <P Name="Src">13#lconn:1</P>
    <P Name="Dst">19#rconn:1</P>
  </Line>
  <Line LineType="Connection">
    <P Name="ZOrder">14</P>
    <P Name="Src">9#lconn:1</P>
    <P Name="Dst">13#rconn:1</P>
  </Line>
  <Line LineType="Connection">
    <P Name="ZOrder">15</P>
    <P Name="Src">9#rconn:1</P>
    <P Name="Dst">14#lconn:1</P>
  </Line>
  <Line LineType="Connection">
    <P Name="ZOrder">16</P>
    <P Name="Src">10#lconn:1</P>
    <P Name="Dst">14#rconn:1</P>
  </Line>
  <Line LineType="Connection">
    <P Name="ZOrder">17</P>
    <P Name="Src">10#rconn:1</P>
    <P Name="Dst">15#lconn:1</P>
  </Line>
  <Line LineType="Connection">
    <P Name="ZOrder">18</P>
    <P Name="Src">11#lconn:1</P>
    <P Name="Dst">15#rconn:1</P>
  </Line>
  <Line LineType="Connection">
    <P Name="ZOrder">19</P>
    <P Name="Src">11#rconn:1</P>
    <P Name="Dst">16#lconn:1</P>
  </Line>
</System>
