<?xml version="1.0" encoding="UTF-8"?>
<sltp_graph version="1.1" packageUris="http://schema.mathworks.com/mf0/sltp_mm/R2021b_202106150630">
  <sltp.mm.core.Context type="sltp.mm.core.Context" uuid="d234e299-55b4-4e62-8a2a-24275aa89994">
    <priorityDirection>HighNumberLast</priorityDirection>
    <editorState type="sltp.mm.core.EditorState" uuid="49ea1ea8-2c1c-4ee9-8c11-0fd8cd883192">
      <isSynchronized>true</isSynchronized>
      <panelState type="sltp.mm.core.EditorPanelState" uuid="47533669-6a13-4b39-a95f-177d01ef589d"/>
    </editorState>
    <rootTask type="sltp.mm.core.Task" uuid="177bbc9b-a775-4d50-9dd9-099293fe64ac">
      <context type="sltp.mm.core.Context" uuid="d234e299-55b4-4e62-8a2a-24275aa89994"/>
      <explicit>false</explicit>
      <name>Default</name>
      <priority>-2147483648</priority>
      <subgraph type="sltp.mm.core.Graph" uuid="084b4225-e7a2-48fa-a408-b55015c85998">
        <tasks type="sltp.mm.core.Task" uuid="d57e7a06-e11f-4a5f-b3bb-5cc8954c242e">
          <baseTask>true</baseTask>
          <context type="sltp.mm.core.Context" uuid="d234e299-55b4-4e62-8a2a-24275aa89994"/>
          <explicit>false</explicit>
          <id>1</id>
          <isTimed>true</isTimed>
          <name>Cont</name>
          <priority>40</priority>
          <rates type="sltp.mm.core.Rate" uuid="2581496a-fc13-4f0c-9157-a5e95d37df6f">
            <annotation>Cont</annotation>
            <color>255</color>
            <hasBlocks>true</hasBlocks>
            <identifier>Continuous00</identifier>
            <rateSpec type="sltp.mm.core.RateSpec">
              <period>0.0</period>
            </rateSpec>
            <sti>0</sti>
          </rates>
        </tasks>
      </subgraph>
    </rootTask>
  </sltp.mm.core.Context>
</sltp_graph>