<?xml version="1.0" encoding="UTF-8"?>
<sltp_editor version="1.1" packageUris="http://schema.mathworks.com/mf0/DiagramEditor/R2019a_20181107 http://schema.mathworks.com/mf0/SltpSyntax/R2022a_202109161050">
  <diagram.editor.model.Diagram type="diagram.editor.model.Diagram" uuid="40e311b6-90fe-49de-9673-bf55c4f5a865">
    <entities type="diagram.editor.model.Entity" uuid="19af187f-1436-49dc-a98a-7d6e4fd005bb">
      <position>0,0</position>
      <size>0,0,0,0</size>
      <syntaxElement type="sltp.mm.syntax.Node" uuid="5e7cba34-46a9-43b1-9e45-7883cdf9a000"/>
      <title>Cont</title>
      <type>base</type>
      <subDiagram type="diagram.editor.model.Diagram" uuid="d16463f8-2bb5-4606-8eda-48871599d76f">
        <position>0,0</position>
        <syntaxElement type="sltp.mm.syntax.Graph" uuid="940ffc99-a258-481b-b57f-68582b854777"/>
        <title>Cont</title>
        <type>graph.Graph</type>
      </subDiagram>
    </entities>
    <syntaxElement type="sltp.mm.syntax.Graph" uuid="92c90813-2a61-4875-8b93-444695a6efab"/>
    <title>Default</title>
    <type>graph.Graph</type>
  </diagram.editor.model.Diagram>
  <sltp.mm.syntax.Context type="sltp.mm.syntax.Context" uuid="4a304046-6617-426e-a0b0-f9b4d0a7cf17">
    <rootGraph type="sltp.mm.syntax.Graph" uuid="92c90813-2a61-4875-8b93-444695a6efab">
      <children type="sltp.mm.syntax.Node" uuid="5e7cba34-46a9-43b1-9e45-7883cdf9a000">
        <priority>40</priority>
        <rates type="sltp.mm.syntax.RateData">
          <color>#000000</color>
          <hasBlocks>true</hasBlocks>
          <rate>0</rate>
          <title>Cont</title>
        </rates>
        <title>Cont</title>
        <type>base</type>
        <diagramElement type="diagram.editor.model.Entity" uuid="19af187f-1436-49dc-a98a-7d6e4fd005bb"/>
        <subgraph type="sltp.mm.syntax.Graph" uuid="940ffc99-a258-481b-b57f-68582b854777">
          <title>Cont</title>
          <diagramElement type="diagram.editor.model.Diagram" uuid="d16463f8-2bb5-4606-8eda-48871599d76f"/>
        </subgraph>
      </children>
      <title>Default</title>
      <diagramElement type="diagram.editor.model.Diagram" uuid="40e311b6-90fe-49de-9673-bf55c4f5a865"/>
    </rootGraph>
  </sltp.mm.syntax.Context>
</sltp_editor>