<?xml version="1.0" encoding="UTF-8"?>
<sltp_editor version="1.1" packageUris="http://schema.mathworks.com/mf0/DiagramEditor/R2019a_20181107 http://schema.mathworks.com/mf0/SltpSyntax/R2022a_202109161050">
  <diagram.editor.model.Diagram type="diagram.editor.model.Diagram" uuid="cd5802b4-e234-4f1b-9344-7657ab9d5044">
    <syntaxElement type="sltp.mm.syntax.Graph" uuid="78ef0362-a901-4f31-a884-ff57acbee837"/>
    <title>Default</title>
    <type>graph.Graph</type>
  </diagram.editor.model.Diagram>
  <sltp.mm.syntax.Context type="sltp.mm.syntax.Context" uuid="87937e70-dd6f-4e63-a975-d0582b86e810">
    <rootGraph type="sltp.mm.syntax.Graph" uuid="78ef0362-a901-4f31-a884-ff57acbee837">
      <priorityDirection>HighNumberFirst</priorityDirection>
      <title>Default</title>
      <diagramElement type="diagram.editor.model.Diagram" uuid="cd5802b4-e234-4f1b-9344-7657ab9d5044"/>
    </rootGraph>
  </sltp.mm.syntax.Context>
</sltp_editor>