<?xml version="1.0" encoding="UTF-8"?>
<sltp_graph version="1.1" packageUris="http://schema.mathworks.com/mf0/sltp_mm/R2021b_202106150630">
  <sltp.mm.core.Context type="sltp.mm.core.Context" uuid="b513d1f4-61d7-41e0-a874-eafec2ac9d0a">
    <editorState type="sltp.mm.core.EditorState" uuid="c3ef1c09-d9ca-45c1-9d0a-70e1860e943f">
      <panelState type="sltp.mm.core.EditorPanelState" uuid="4c8ab876-4767-440f-99bb-02b9185142e2"/>
    </editorState>
    <rootTask type="sltp.mm.core.Task" uuid="6856a6a3-9284-4bb2-a4bf-06db43ef3cb5">
      <context type="sltp.mm.core.Context" uuid="b513d1f4-61d7-41e0-a874-eafec2ac9d0a"/>
      <explicit>false</explicit>
      <name>Default</name>
      <priority>-2147483648</priority>
      <subgraph type="sltp.mm.core.Graph" uuid="91d978f6-1dac-4f39-b568-826c82d1a885"/>
    </rootTask>
  </sltp.mm.core.Context>
</sltp_graph>